"Reference","Value","Datasheet","Qty","DNP","Description","DKPN","MPN","Manufacturer","Package","Tolerance","Voltage Rating"
"AE1","TNC","datasheets/GCT-RFPC-TNC01-FN.pdf","1","","TNC PCB MOUNT RIGHT ANGLE BULKHEAD","2072-RFPC-TNC01-FN-A-ND","RFPC-TNC01-FN-A","GCT (Gradconn)","","",""
"AE2","SMA","datasheets/GCT-RFPC-SMA14-FN.pdf","1","","SMA PCB MOUNT RIGHT ANGLE BULKHEAD","2072-RFPC-SMA14-FN-A-ND","RFPC-SMA14-FN-A","GCT (Gradconn)","","",""
"AE3","SMA","datasheets/GCT-RFPC-SMA14-FN.pdf","1","DNP","SMA PCB MOUNT RIGHT ANGLE BULKHEAD","2072-RFPC-SMA14-FN-A-ND","RFPC-SMA14-FN-A","GCT (Gradconn)","","",""
"C1,C17,C84,C97,C124","4.7uF","datasheets/Murata-Electronics-GRT21BR71C475KE13.pdf","5","","CAP CER 4.7UF 16V X7R 0805","490-GRT21BR71C475KE13LCT-ND","GRT21BR71C475KE13L","Murata Electronics","0805","10%","16V"
"C2,C3,C4,C5,C6,C7,C8,C9,C10,C11,C12,C13,C14,C18,C21,C22,C23,C24,C25,C26,C27,C28,C29,C30,C31,C32,C34,C35,C38,C39,C44,C45,C46,C47,C48,C49,C50,C51,C54,C55,C56,C57,C58,C59,C60,C63,C64,C65,C66,C67,C68,C69,C72,C73,C74,C79,C80,C82,C86,C87,C88,C89,C90,C91,C96,C99,C100,C115,C120,C121,C122,C123,C129,C130","100nF","datasheets/Murata-Electronics-GRT155R71H104KE01.pdf","74","","CAP CER 0.1UF 50V X7R 0402","490-GRT155R71H104KE01DCT-ND","GRT155R71H104KE01D","Murata Electronics","0402","10%","50V"
"C15","220pF","datasheets/Murata-Electronics-GRT155R71H221KE01.pdf","1","","CAP CER 220PF 50V X7R 0402","490-GRT155R71H221KE01DCT-ND","GRT155R71H221KE01D","Murata Electronics","0402","10%","50V"
"C16,C20,C37,C40,C41,C42,C43,C52,C53,C61,C62,C70,C71,C85,C118","1uF","datasheets/Murata-Electronics-GRT188R71E105KE13.pdf","15","","CAP CER 1UF 25V X7R 0603","490-GRT188R71E105KE13DCT-ND","GRT188R71E105KE13D","Murata Electronics","0603","10%","25V"
"C19,C33,C83,C127","10uF","datasheets/Murata-Electronics-GCM21BR71A106KE22.pdf","4","","CAP CER 10UF 10V X7R 0805","490-10674-1-ND","GCM21BR71A106KE22L","Murata Electronics","0805","10%","10V"
"C36","470pF","datasheets/Murata-Electronics-GRT155R71H471KE01.pdf","1","","CAP CER 470PF 50V X7R 0402","490-GRT155R71H471KE01DCT-ND","GRT155R71H471KE01D","Murata Electronics","0402","10%","50V"
"C75,C81","9.1pF","datasheets/Murata-Electronics-GCM1555C1H9R1BA16.pdf","2","","CAP CER 9.1PF 50V C0G/NP0 0402","490-GCM1555C1H9R1BA16DCT-ND","GCM1555C1H9R1BA16D","Murata Electronics","0402","0.1pF","50V"
"C76,C78,C116,C117","100pF","datasheets/Murata-Electronics-GCM1555C1H101FA16.pdf","4","","CAP CER 100PF 50V C0G/NP0 0402","490-14349-1-ND","GCM1555C1H101FA16D","Murata Electronics","0402","1%","50V"
"C77","5.6pF","datasheets/Murata-Electronics-GCM1555C1H5R6BA16.pdf","1","","CAP CER 5.6PF 50V C0G/NP0 0402","490-14424-1-ND","GCM1555C1H5R6BA16D","Murata Electronics","0402","0.1pF","50V"
"C92,C93,C98","47nF","datasheets/Murata-Electronics-GRT155R71E473KE01.pdf","3","","CAP CER 0.047UF 25V X7R 0402","490-GRT155R71E473KE01DCT-ND","GRT155R71E473KE01D","Murata Electronics","0402","10%","25V"
"C94,C95,C101,C102,C103,C104,C105,C106,C107,C108,C109,C110","10uF","datasheets/Murata-GCM32ER71E106KA57.pdf","12","","CAP CER 10UF 25V X7R 1210","490-4798-1-ND","GCM32ER71E106KA57L","Murata Electronics","1210","10%","25V"
"C111,C112,C113","220nF","datasheets/Murata-Electronics-GRT155R71C224KE01.pdf","3","","CAP CER 0.22UF 16V X7R 0402","490-GRT155R71C224KE01DCT-ND","GRT155R71C224KE01D","Murata Electronics","0402","10%","16V"
"C114,C119,C125","2.2uF","datasheets/Murata-Electronics-GRT21BR71E225KE13.pdf","3","","CAP CER 2.2UF 25V X7R 0805","490-GRT21BR71E225KE13LCT-ND","GRT21BR71E225KE13L","Murata Electronics","0805","10%","25V"
"C126","150pF","datasheets/Murata-Electronics-GCM1555C1H151FA16.pdf","1","","CAP CER 150PF 50V C0G/NP0 0402","490-GCM1555C1H151FA16JCT-ND","GCM1555C1H151FA16J","Murata Electronics","0402","1%","50V"
"C128","3.9nF","datasheets/Murata-Electronics-GCM155R71H392KA37.pdf","1","","CAP CER 3900PF 50V X7R 0402","490-GCM155R71H392KA37DCT-ND","GCM155R71H392KA37D","Murata Electronics","0402","10%","50V"
"C131,C132,C133,C134","22uF","datasheets/Murata-Electronics-GCM31CR71A226ME02-01A.pdf","4","","CAP CER 22UF 10V X7R 1206","490-16383-1-ND","GCM31CR71A226ME02L","Murata Electronics","1206","20%","10V"
"D1,D5,D8,D11,D13,D21,D22","LTST-C191KRKT","datasheets/Lite-On-LTST-C191KRKT.pdf","7","","LED RED CLEAR SMD","160-1447-1-ND","LTST-C191KRKT","Lite-On Inc.","","",""
"D2,D14","D1213A-01LP4","datasheets/Diodes-Incorporated-D1213A-01LP4.pdf","2","","TVS DIODE 3.3VWM 10VC X2DFN10062","D1213A-01LP4-7BDICT-ND","D1213A-01LP4-7B","Diodes Incorporated","","",""
"D3","USBLC6-4SC6","datasheets/ST-USBLC6-4.pdf","1","","TVS DIODE 5.25VWM 17VC SOT23-6","497-4492-1-ND","USBLC6-4SC6","STMicroelectronics","","",""
"D4,D7,D10","LTST-C191TBKT","datasheets/Lite-On-LTST-C191TBKT.pdf","3","","LED BLUE CLEAR CHIP SMD","160-1647-1-ND","LTST-C191TBKT","Lite-On Inc.","","",""
"D6,D9,D12,D17","LTST-C191KGKT","datasheets/Lite-On-LTST-C191KGKT.pdf","4","","LED GREEN CLEAR SMD","160-1446-1-ND","LTST-C191KGKT","Lite-On Inc.","","",""
"D15,D16","BZT52C12T-7","datasheets/Diodes-Incorporated-DS30502.pdf","2","","DIODE ZENER 12V 300MW SOD523","BZT52C12T-7DICT-ND","BZT52C12T-7","Diodes Incorporated","","",""
"D18,D19","SDM20U40Q-7","datasheets/Diodes-Incorporated-SDM20U40Q.pdf","2","","DIODE SCHOTTKY 40V 250MA SOD523","31-SDM20U40Q-7CT-ND","SDM20U40Q-7","Diodes Incorporated","","",""
"D20","MMSZ5246B-7-F","datasheets/Diodes-Incorporated-DS18010.pdf","1","","DIODE ZENER 16V 500MW SOD123","MMSZ5246B-FDICT-ND","MMSZ5246B-7-F","Diodes Incorporated","","",""
"J1","Chassis Ground Strap","datasheets/Parker-Chomerics-CHO-STRAP.pdf","1","","GROUND BRAID FLAT 0.5"" X 0.3'","1944-L-1011-3-ND","L-1011-3","Parker Chomerics","","",""
"J3","MEM2067-02-180-00-A","datasheets/GCT-MEM2067.pdf","1","","Micro SD Card Socket with two card detection pins","2073-MEM2067-02-180-00-ACT-ND","MEM2067-02-180-00-A","GCT","","",""
"J4,J6,J7,J9,J10,J12","M.2 Standoff","datasheets/ATTEND-Technology-123A-NUT-42.pdf","6","","NUT M3 H=2.45MM, FOR M.2 CONN H=4.2","4827-123A-NUT-42CT-ND","123A-NUT-42","ATTEND Technology","","",""
"J5,J8,J11","Bus_M.2_Socket_E","datasheets/Amphenol-SSIO-PCIe-M2-Drawing.pdf","3","","M.2 Socket 1-SD Mechanical Key E","MDT420E01001CT-ND","MDT420E01001","Amphenol ICC (FCI)","","",""
"J13,J14,J15,J16","CONMHF1-SMD-T","datasheets/TE-Connectivity-Linx-CONMHF1-SMD.pdf","4","","coaxial connector (BNC, SMA, SMB, SMC, Cinch/RCA, LEMO, ...)","343-CONMHF1-SMD-TCT-ND","CONMHF1-SMD-T","TE Connectivity Linx","","",""
"J17,J19,J20,J21,J22","STEMMA-QT","datasheets/JST-SH-Series.pdf","5","","CONN HEADER SMD 4POS 1MM","455-BM04B-SRSS-TBCT-ND","BM04B-SRSS-TB","JST Sales America Inc.","","",""
"J18","M8S-04PFFR-SF8001","datasheets/Amphenol-M8S-04PFFR-SF8001.pdf","1","","CONN RCPT FMALE 4POS GOLD SOLDER","1754-1451-ND","M8S-04PFFR-SF8001","Amphenol LTW","","",""
"J24","M8AS-02PFFR-SF8001","datasheets/Amphenol-M8AS-04PFFR-SF8001.pdf","1","","M8 PANEL 90 PCB CONN","M8AS-02PFFR-SF8001-ND","M8AS-02PFFR-SF8001","Amphenol LTW","","",""
"J25","MUSBRM1C1M0","datasheets/Amphenol-MUSBR-M1C1-xx.pdf","1","","CONN RCPT TYPEC 24POS PCB R/A","MUSBRM1C1M0-ND","MUSBRM1C1M0","Amphenol ICC (Commercial Products)","","",""
"J26","S2B-PH-SM4-TB","datasheets/JST-ePH.pdf","1","","CONN HEADER SMD R/A 2POS 2MM","455-S2B-PH-SM4-TBCT-ND","S2B-PH-SM4-TB","JST Sales America Inc.","","",""
"J27","1726480102","datasheets/Molex-1726480102.pdf","1","","TERM BLK 2POS SIDE ENTRY 5MM PCB","1726480102-ND","1726480102","Molex","","",""
"J28","S3B-XH-SM4-TB","datasheets/JST-eXH.pdf","1","","CONN HEADER SMD R/A 3POS 2.5MM","455-S3B-XH-SM4-TBCT-ND","S3B-XH-SM4-TB","JST Sales America Inc.","","",""
"J29,J30","Conn_01x04_Pin","datasheets/Sullins-xRxCzzzSxxN-M71RC.pdf","2","","CONN HEADER R/A 4POS 2.54MM","S1111EC-04-ND","PRPC004SBAN-M71RC","Sullins Connector Solutions","","",""
"L1,L3","Ferrite","datasheets/EATON-EXLA1328.pdf","2","","FERRITE BEAD 600 OHM 0603 1LN","283-MFBA3V1608K-601-RCT-ND","MFBA3V1608K-601-R","Eaton - Electronics Division","0603","",""
"L2,L6","2.2uH","datasheets/Wurth-Elektronik-74439324022.pdf","2","","2.2 µH Shielded Molded Inductor 7.8 A 19.8mOhm Max Nonstandard","732-74439324022CT-ND","74439324022","Würth Elektronik","","20%",""
"L4","6.8nH","datasheets/Murata-Electronics-JELF243A-9133.pdf","1","","FIXED IND 6.8NH 1.9A 0.04OHM SMD","490-15732-1-ND","LQW18AN6N8C8ZD","Murata Electronics","","0.2nH",""
"L5","15nH","datasheets/Murata-Electronics-JELF243A-9133.pdf","1","","FIXED IND 15NH 1.4A 0.075OHM SMD","490-15648-1-ND","LQW18AN15NG8ZD","Murata Electronics","","2%",""
"L7","1uH","datasheets/Wurth-Elektronik-74439358010.pdf","1","","FIXED IND 1UH 17A 2.1 MOHM SMD","732-7273-1-ND","74439358010","Würth Elektronik","","20%",""
"L8","6.8uH","datasheets/Wurth-Elektronik-74439370068.pdf","1","","FIXED IND 6.8UH 15A 4.1MOHM SMD","732-10714-1-ND","74439370068","Würth Elektronik","","20%",""
"Q1,Q2,Q3,Q4,Q5,Q8,Q9","CSD17581Q3A","datasheets/Texas-Instruments-CSD17581Q3A.pdf","7","","MOSFET N-CH 30V 21A 8VSON","296-47754-1-ND","CSD17581Q3A","Texas Instruments","","",""
"Q6,Q7","BUK6D72-30EX","datasheets/Nexperia-BUK6D72-30E.pdf","2","","MOSFET N-CH 30V 4A/11A 6DFN","1727-8677-1-ND","BUK6D72-30EX","Nexperia USA Inc.","","",""
"Q10,Q11","BSS138-7-F","datasheets/Diodes-Incorporated-BSS138.pdf","2","","MOSFET N-CH 50V 200MA SOT23-3","BSS138-FDICT-ND","BSS138-7-F","Diodes Incorporated","","",""
"R1","47R","datasheets/Vishay-Dale-DCRCWe3.pdf","1","","RES SMD 47 OHM 1% 1/16W 0402","541-47.0LCT-ND","CRCW040247R0FKED","Vishay Dale","0402","1%",""
"R2,R53,R64,R73,R75,R76","100R","datasheets/Vishay-Dale-DRCWe3.pdf","6","","RES SMD 100 OHM 5% 1/16W 0402","541-100JCT-ND","CRCW0402100RJNED","Vishay Dale","0402","5%",""
"R3,R4,R5,R6,R7,R8,R9,R10,R54,R55","4K7","datasheets/Vishay-Dale-DCRCWe3.pdf","10","","RES SMD 4.7K OHM 1% 1/16W 0402","541-4.70KLCT-ND","CRCW04024K70FKED","Vishay Dale","0402","1%",""
"R11,R13,R14,R17,R18,R20,R22,R23,R24,R31,R37,R38,R42,R43,R47,R48,R56,R57,R65","10K","datasheets/Vishay-Dale-DCRCWe3.pdf","19","","RES SMD 10K OHM 1% 1/16W 0402","541-10.0KLCT-ND","CRCW040210K0FKED","Vishay Dale","0402","1%",""
"R12","0R","datasheets/Vishay-Dale-DCRCWe3.pdf","1","DNP","RES SMD 0 OHM JUMPER 1/16W 0402","541-0.0JCT-ND","CRCW04020000Z0ED","Vishay Dale","0402","N/A",""
"R15,R16,R19,R21","33R","datasheets/Vishay-Dale-DCRCWe3.pdf","4","","RES SMD 33 OHM 1% 1/16W 0402","541-33.0LCT-ND","CRCW040233R0FKED","Vishay Dale","0402","1%",""
"R25","12K1","datasheets/Vishay-Dale-DCRCWe3.pdf","1","","RES SMD 12.1K OHM 1% 1/16W 0402","541-12.1KLCT-ND","CRCW040212K1FKED","Vishay Dale","0402","1%",""
"R26,R27,R28,R29,R83","41K2","datasheets/Vishay-Dale-DCRCWe3.pdf","5","","RES SMD 41.2 OHM 1% 1/16W 0402","541-41.2LCT-ND","CRCW040241R2FKED","Vishay Dale","0402","1%",""
"R30,R32","270R","datasheets/Vishay-Dale-DCRCWe3.pdf","2","","RES SMD 270 OHM 1% 1/16W 0402","541-270LCT-ND","CRCW0402270RFKED","Vishay Dale","0402","1%",""
"R33,R34","120R","datasheets/Vishay-Dale-DCRCWe3.pdf","2","","RES SMD 120 OHM 1% 1/16W 0402","541-120LCT-ND","CRCW0402120RFKED","Vishay Dale","0402","1%",""
"R35,R40,R45","10R","datasheets/Vishay-Dale-DCRCWe3.pdf","3","","RES SMD 10 OHM 1% 1/16W 0402","541-10.0LCT-ND","CRCW040210R0FKED","Vishay Dale","0402","1%",""
"R36,R39,R41,R44,R46,R49,R89,R91","150R","datasheets/Vishay-Dale-DCRCWe3.pdf","8","","RES SMD 150 OHM 1% 1/16W 0402","541-150LCT-ND","CRCW0402150RFKED","Vishay Dale","0402","1%",""
"R50","750R","datasheets/Vishay-Dale-DCRCWe3.pdf","1","","RES SMD 750 OHM 1% 1/16W 0402","541-750LCT-ND","CRCW0402750RFKED","Vishay Dale","0402","1%",""
"R51","267R","datasheets/Vishay-Dale-DCRCWe3.pdf","1","","RES SMD 267 OHM 1% 1/16W 0402","541-267LCT-ND","CRCW0402267RFKED","Vishay Dale","0402","1%",""
"R52","49R9","datasheets/Vishay-Dale-DCRCWe3.pdf","1","","RES SMD 49.9 OHM 1% 1/16W 0402","541-49.9LCT-ND","CRCW040249R9FKED","Vishay Dale","0402","1%",""
"R58,R59,R68,R77,R78","5K1","datasheets/Vishay-Dale-DRCWe3.pdf","5","","RES SMD 5.1K OHM 1% 1/16W 0402","541-5.10KLCT-ND","CRCW04025K10FKED","Vishay Dale","0402","1%",""
"R60","294R","datasheets/Vishay-Dale-DRCWe3.pdf","1","","RES SMD 6.04K OHM 1% 1/16W 0402","541-6.04KLCT-ND","CRCW04026K04FKED","Vishay Dale","0402","1%",""
"R61","2K2","datasheets/Vishay-Dale-DRCWe3.pdf","1","","RES SMD 2.2K OHM 1% 1/16W 0402","541-2.20KLCT-ND","CRCW04022K20FKED","Vishay Dale","0402","1%",""
"R62","294R","datasheets/Vishay-Dale-DRCWe3.pdf","1","","RES SMD 294 OHM 1% 1/16W 0402","541-294LCT-ND","CRCW0402294RFKED","Vishay Dale","0402","1%",""
"R63","8K2","datasheets/Vishay-Dale-DRCWe3.pdf","1","","RES SMD 8.2K OHM 1% 1/16W 0402","541-8.20KLCT-ND","CRCW04028K20FKED","Vishay Dale","0402","1%",""
"R66","187K","datasheets/Vishay-Dale-DRCWe3.pdf","1","","RES SMD 187K OHM 1% 1/16W 0402","541-187KLCT-ND","CRCW0402187KFKED","Vishay Dale","0402","1%",""
"R67,R80,R87","100K","datasheets/Vishay-Dale-DCRCWe3.pdf","3","","RES SMD 100K OHM 1% 1/16W 0402","541-100KLCT-ND","CRCW0402100KFKED","Vishay Dale","0402","1%",""
"R69","29K4","datasheets/Vishay-Dale-DRCWe3.pdf","1","","RES SMD 29.4K OHM 1% 1/16W 0402","541-29.4KLCT-ND","CRCW040229K4FKED","Vishay Dale","0402","1%",""
"R70,R71,R72","10R","datasheets/Vishay-Dale-DRCWe3.pdf","3","","RES SMD 10 OHM 1% 3/4W 2010","541-10.0ACCT-ND","CRCW201010R0FKEF","Vishay Dale","2010","1%",""
"R74","25mR","datasheets/Vishay-Dale-WSR.pdf","1","","RES 0.025 OHM 1% 3W 4527","WSRB-.025CT-ND","WSR3R0250FEA","Vishay Dale","4527","1%",""
"R79","10M","datasheets/Vishay-Dale-CRCWe3.pdf","1","","RES SMD 10M OHM 1% 1/16W 0402","541-10.0MLCT-ND","CRCW040210M0FKED","Vishay Dale","0402","1%",""
"R81","5k11","datasheets/Vishay-Dale-DCRCWe3.pdf","1","","RES SMD 5.11K OHM 1% 1/16W 0402","541-5.11KLCT-ND","CRCW04025K11FKED","Vishay Dale","0402","1%",""
"R82","499K","datasheets/Vishay-Dale-DCRCWe3.pdf","1","","RES SMD 499K OHM 1% 1/16W 0402","541-499KLCT-ND","CRCW0402499KFKED","Vishay Dale","0402","1%",""
"R84","53.6k","datasheets/Vishay-Dale-DCRCWe3.pdf","1","","RES SMD 53.6K OHM 1% 1/16W 0402","541-53.6KLCT-ND","CRCW040253K6FKED","Vishay Dale","0402","1%",""
"R85,R90","0R","datasheets/Vishay-Dale-DCRCWe3.pdf","2","DNP","RES SMD 0 OHM JUMPER 1/2W 1210","541-0.0VCT-ND","CRCW12100000Z0EA","Vishay Dale","1210","N/A",""
"R86","200K","datasheets/Vishay-Dale-DCRCWe3.pdf","1","","RES SMD 200K OHM 1% 1/16W 0402","541-200KLCT-ND","CRCW0402200KFKED","Vishay Dale","0402","1%",""
"R88","25mR","datasheets/Vishay-Dale-WSLP.pdf","1","","RES 0.025 OHM 1% 1/2W 0805","WSLPB-.025CT-ND","WSLP0805R0250FEB","Vishay Dale","0805","1%",""
"SW1,SW2,SW9,SW10","PTS810","datasheets/C&K-PTS810.pdf","4","","SWITCH TACTILE SPST-NO 0.05A 16V","CKN10502CT-ND","PTS810SJM250SMTR LFS","C&K","","",""
"SW3,SW4,SW5,SW6,SW7,SW8","JS102011JCQN","datasheets/C&K-JS-Series.pdf","6","","SWITCH SLIDE SPDT 300MA 6V","CKN10721CT-ND","C&K","JS102011JCQN","","",""
"TP9,TP10,TP15,TP22,TP23,TP28,TP29,TP34,TP35,TP42,TP43,TP50,TP51,TP58,TP59,TP66,TP67,TP74,TP75,TP76,TP86,TP87,TP88,TP89,TP90,TP93,TP94,TP99,TP100","RCWCTE","datasheets/KOA-RC-Series.pdf","29","","PC TEST POINT","2019-RCWCTECT-ND","RCWCTE","KOA Speer Electronics, Inc.","","",""
"U1","STM32H745ZIT6","datasheets/ST-STM32H745ZI.pdf","1","","Dual 32-bit Arm® Cortex®-M7 up to 480MHz and -M4 MCUs,  up to 2MB flash, 1MB RAM, 46 com. and analog interfaces, SMPS","497-19501-ND","STM32H745ZIT6","STMicroelectronics","","",""
"U2","W25Q128JVP","datasheets/Windbond-W25Q128JV.pdf","1","","FLASH - NOR Memory IC 128Mbit SPI - Quad I/O, QPI 133 MHz 8-WSON (6x5)","W25Q128JVPIQ-ND","W25Q128JVPIQ","Winbond Electronics","","",""
"U3","M24512-DRE","datasheets/ST-M24512-DRE.pdf","1","","512-Kbit serial I²C bus EEPROM","497-15341-1-ND","M24512-DRMN8TP/K","STMicroelectronics","","",""
"U4","LAN8742AI","datasheets/Microchip-Technologies-LAN8742A.pdf","1","","Small Footprint RMII 10/100 Ethernet Transceiver","LAN8742AI-CZ-CT-ND","LAN8742AI-CZ-TR","Microchip Technology","","",""
"U5","MRJ-5381-01","datasheets/Amphenol-MRJ-53XX-X1.pdf","1","","CONN MOD JACK 8P8C R/A UNSHLD","MRJ-5381-01-ND","MRJ-5381-01","Amphenol ICC (Commercial Products)","","",""
"U6,U7","TCAN3403-Q1","datasheets/Texas-Instruments-TCAN3403-Q1.pdf","2","","3.3V Automotive CAN FD Transceivers with Standby Mode and ±58V   bus Standoff","296-TCAN3403DRBRQ1TR-ND","TCAN3403DRBRQ1","Texas Instruments","","",""
"U8,U9,U12,U15","TXS0104VxRUTR","datasheets/Texas-Instruments-TXS0104V.pdf","4","","Voltage Level Translator Bidirectional 1 Circuit 4 Channel 24Mbps","296-TXS0104VQRUTRQ1CT-ND","TXS0104VQRUTRQ1","Texas Instruments","","",""
"U10,U13,U16","TPS22996H-Q1","datasheets/Texas-Instruments-TPS22996H-Q1.pdf","3","","5.5-V, 3-A, 19-mΩ On-Resistance Automotive Load Switch","296-TPS22996HQDYCRQ1CT-ND","TPS22996HQDYCRQ1","Texas Instruments","","",""
"U11,U14","TXS0108EQWRKSRQ1","datasheets/Texas-Instruments-TXS0108E-Q1.pdf","2","","Automotive 8-Bit Bi-directional, Level-Shifting, Voltage Translator  for Open-Drain and Push-Pull Applications","296-TXS0108EQWRKSRQ1CT-ND","TXS0108EQWRKSRQ1","Texas Instruments","","",""
"U17","PMA2-162LNA+","datasheets/Mini-Circuits-PMA2-162LNA+.pdf","1","","SMT LNA, 700 MHZ - 1.6 GHZ, 50","3157-PMA2-162LNA+CT-ND","PMA2-162LNA+","Mini-Circuits","","",""
"U18","QCN-19D+","datasheets/Mini-Circuits-QCN-19D+.pdf","1","","RF PWR DVDR 1.1GHZ-1.925GHZ 6SMD","3157-QCN-19D+CT-ND","QCN-19D+","Mini-Circuits","","",""
"U19","LPS28DFW","datasheets/ST-LPS28DFW.pdf","1","","SENSOR 58.89PSIA 24BIT CCLGA-7L","497-LPS28DFWTRCT-ND","LPS28DFWTR","STMicroelectronics","","",""
"U20","STM32L052K8","datasheets/ST-STM32L052xx.pdf","1","","IC MCU 32BIT 128KB FLSH 32UFQFPN","497-18813-1-ND","STM32L052K6U6TR","STMicroelectronics","","",""
"U21","BQ25798","datasheets/Texas-Instruments-BQ25798.pdf","1","","IC CONTROLLED, 1-4-CELL, 5-A BUC","296-BQ25798RQMRCT-ND","BQ25798RQMR","Texas Instruments","","",""
"U22","BQ76905","datasheets/Texas-Instruments-BQ76905.pdf","1","","2-Series to 5-Series High Accuracy Battery Monitor and Protector","296-BQ76905RGRRCT-ND","BQ76905RGRR","Texas Instruments","","",""
"U23","LM25148-Q1","datasheets/Texas-Instruments-LM25148.pdf","1","","42-V Synchronous Buck DC/DC Controller with Ultra-Low IQ and Dual   Random Spread Spectrum","296-LM25148BQRGYRQ1CT-ND","LM25148BQRGYRQ1","Texas Instruments","","",""
"U24","TPS62A01","datasheets/Texas-Instruments-TPS62A01.pdf","1","","1A High-Efficiency, Synchronous Buck Converter","296-TPS62A01DRLRCT-ND","TPS62A01DRLR","Texas Instruments","","",""
"X1","ECS-327ATQ2016MV","datasheets/ECS-327ATQ2016MV.pdf","1","","XTAL OSC XO 32.768 KHZ CMOS SMD","50-ECS-327ATQ2016MV-BS-TRCT-ND","ECS-327ATQ2016MV-BS-TR","ECS Inc.","","",""
"X2,X3","ECS-2016MVQ","datasheets/ECS-2016MVQ.pdf","2","","XTAL OSC XO 25.0000MHZ CMOS SMD","50-ECS-2016MVQ-250-CN-CT-ND","ECS-2016MVQ-250-CN-TR","ECS Inc.","","",""
