svId,rcvTOW,t_tx,WN,geoRange,elevation,azimuth,satClockBias,relBias,rcvClockBias_m,ztd_est_m,ISB_m,pseudorange,freqLabel,troposphericDelay,pwv,ztd
G18,227010,227009.931976898,2386,20554964.2749681,63.6637664560915,177.387596325136,-162151.222116832,1.63615840284736,0.198529323520101,1.17282713676382,-9.36752847032774,20717115.5895921,L1_L2,1.53013628117255,-0.939847995727287,1371.81915689115
G18,227040,227039.931943474,2386,20564984.2249545,63.3968238291687,177.352871336788,-162151.140319028,1.62067676085138,0.587669654082753,1.21207901518046,-9.37594375065888,20727135.887763,L1_L2,1.55549657204839,-0.907004828906312,1391.331805703
G18,227070,227069.931909709,2386,20575106.7260601,63.1299660167104,177.319217986108,-162151.058521224,1.60516360677063,1.00038765616023,1.24848750074519,-9.36494166549113,20737258.7768484,L1_L2,1.59704307704692,-0.850081754777514,1425.15071119468
G18,227100,227099.931875603,2386,20585331.4975449,62.8631966361402,177.286595595198,-162150.976723421,1.58961924126911,0.936163970042526,1.31447724393895,-9.39021261650137,20747483.5059339,L1_L2,1.68512077530004,-0.72379280024654,1500.18099167922
G18,227130,227129.931841156,2386,20595658.2544022,62.5965192522325,177.254965052049,-162150.89492562,1.57404396564573,0.741630192110623,1.30925336984002,-9.42045931557655,20757809.9641048,L1_L2,1.64719077616666,-0.786508853697997,1462.92038485242
G18,227160,227159.93180637,2386,20606086.7073819,62.3299373790463,177.224288735408,-162150.813127819,1.55843808182821,0.821866687043952,1.28586508390901,-9.44806864069735,20768238.4131902,L1_L2,1.62925193245741,-0.819197320580834,1443.49964573918
G18,227190,227189.931771246,2386,20616616.5630156,62.0634544817451,177.194530443919,-162150.731330019,1.54280189236715,0.89847454858496,1.22504835277323,-9.47170019333579,20778768.2222757,L1_L2,1.57225739301979,-0.909892390459073,1389.61625936702
G18,227220,227219.931735785,2386,20627247.5236411,61.7970739783065,177.16565532922,-162150.64953222,1.52713570042972,0.946934432535903,1.11184682693857,-9.47621827358275,20789399.0113611,L1_L2,1.41838899363693,-1.14394057978021,1250.56450019392
G18,227250,227249.931699987,2386,20637979.2874274,61.5307992411379,177.137629832784,-162150.567734422,1.5114398097938,1.22082607716567,1.00281625181447,-9.48238403625777,20800130.829532,L1_L2,1.26498389775969,-1.37620993427647,1112.56957513859
G18,227280,227279.931663854,2386,20648811.5483999,61.2646335985924,177.110421626229,-162150.485936625,1.49571452484169,1.60303718975502,0.890545868864067,-9.49612171805111,20810963.329532,L1_L2,1.18787280123342,-1.49475323605813,1042.14111039063
G18,227310,227309.931627387,2386,20659743.9964664,60.9985803364027,177.083999554896,-162150.404138828,1.4799601505541,1.49581194319985,0.821994112307853,-9.51905757018397,20821895.5186174,L1_L2,1.10216043184988,-1.62541781042862,964.511204427581
G18,227340,227339.931590587,2386,20670776.3174428,60.7326426990301,177.058333584483,-162150.322341033,1.46417699250395,1.13227663078735,0.825053374239184,-9.52540050150382,20832927.3967883,L1_L2,1.0889048193624,-1.64905729672939,950.466608886785
G18,227370,227369.931553455,2386,20681908.1930799,60.4668238909387,177.033394750548,-162150.240543239,1.4483653568502,1.00316708323234,0.82052366386855,-9.51788593654051,20844059.1367883,L1_L2,1.14836345097129,-1.56611876662426,999.741711368033
G18,227400,227399.931515992,2386,20693139.3010893,60.2011270777991,177.009155110697,-162150.158745445,1.43252555033172,0.817482726002101,0.814293466511908,-9.49451557816078,20855290.0058738,L1_L2,1.16108187669912,-1.55195415617747,1008.15713216809
G18,227430,227429.931478199,2386,20704469.3151707,59.9355553876245,176.985587699298,-162150.076947653,1.41665788026111,0.622161485503026,0.942185692974831,-9.47150227976558,20866619.9349592,L1_L2,1.3373372100314,-1.29964569543825,1158.05760959459
G18,227460,227459.931440077,2386,20715897.9050393,59.6701119118443,176.962666484562,-162149.995149861,1.40076265451846,0.42782139091908,1.03606905036226,-9.46212964270552,20878048.3840446,L1_L2,1.45679672454678,-1.13128186077809,1258.08524688813
G18,227490,227489.931401627,2386,20727424.7364527,59.4047997063199,176.94036632786,-162149.91335207,1.38484018154518,0.499955972827069,1.1258040337917,-9.48233342002909,20889575.2822155,L1_L2,1.51729500908239,-1.04934357469881,1306.76608845328
G18,227520,227519.931362851,2386,20739049.4712389,59.1396217923048,176.918662945123,-162149.83155428,1.36889077033775,0.290990099461431,1.24638467630336,-9.44708415275768,20901199.911301,L1_L2,1.68640846284185,-0.81095952879811,1448.39384911846
G18,227550,227549.931323749,2386,20750771.7673246,58.8745811573539,176.897532870221,-162149.749756491,1.35291473044147,0.351849399880808,1.32792122691502,-9.47569880253753,20912922.331301,L1_L2,1.81528519432054,-0.631961359362711,1554.73951417552
G18,227580,227579.931284323,2386,20762591.2787629,58.6096807561864,176.87695342019,-162149.667958703,1.33691237194432,0.223655436569766,1.46585606476825,-9.43355090888355,20924741.8094719,L1_L2,1.97600716747932,-0.408284267888643,1687.62963883919
G18,227610,227609.931244574,2386,20774507.6557623,58.3449235114984,176.856902662206,-162149.586160916,1.32088400547049,0.472957539770435,1.51647846731362,-9.4537329646243,20936658.4385573,L1_L2,2.04456053966176,-0.31804932793507,1741.23965469028
G18,227640,227639.931204503,2386,20786520.5447152,58.0803123147397,176.837359382209,-162149.504363129,1.3048299421743,0.401168093618043,1.51325465389141,-9.45785381551922,20948671.1567282,L1_L2,2.01131170536085,-0.373905620420186,1708.05454117382
G18,227670,227669.931164112,2386,20798629.588227,57.8158500268462,176.818303055068,-162149.422565344,1.28875049373382,0.862625985968594,1.47561523757201,-9.47689455260133,20960780.5967282,L1_L2,2.01206041426285,-0.381102897627669,1703.7785240858
G18,227700,227699.9311234,2386,20810834.4251453,57.5515394789355,176.799713816214,-162149.340767559,1.27264597234454,0.781127967857679,1.45041172912968,-9.41848416364573,20972985.2748991,L1_L2,2.00050425359172,-0.40584419329472,1689.07932604157
G18,227730,227729.931082371,2386,20823134.6905896,57.2873834729701,176.78157243465,-162149.258969775,1.25651669071316,0.863718945995558,1.44984602195835,-9.40545321578007,20985285.5839845,L1_L2,2.0272229201541,-0.376325875848164,1706.61662885378
G18,227760,227759.931041024,2386,20835530.0159808,57.0233847823839,176.763860287264,-162149.177171992,1.24036296205113,0.85447480640202,1.42839357966185,-9.3708538917662,20997680.8021554,L1_L2,1.99489081447185,-0.43048787712903,1674.43812074276
G18,227790,227789.930999362,2386,20848020.0290712,56.7595461526814,176.746559334371,-162149.09537421,1.22418510006843,1.16962564695913,1.44986266873659,-9.34886484767717,21010171.1312409,L1_L2,2.06135495391155,-0.345313250298717,1725.04172392388
G18,227820,227819.930957385,2386,20860604.3539746,56.4958703020048,176.729652096413,-162149.013576429,1.20798341896717,1.05980343205806,1.52451547265699,-9.33944854912488,21022755.3494118,L1_L2,2.13004074024434,-0.257639144060373,1777.13030765415
G18,227850,227849.930915094,2386,20873282.6111968,56.2323599216752,176.713121631763,-162148.931778649,1.19175823343522,-0.266057516856902,1.46441443744197,-9.36088472223134,21035432.1275827,L1_L2,2.04242292122342,-0.389370792673897,1698.86643587794
G18,227880,227879.930872492,2386,20886054.4176662,55.9690176767072,176.696951515562,-162148.849980869,1.17550985863981,-0.712710626106667,1.43920181479079,-9.36334080990152,21048203.3966681,L1_L2,2.01724150628779,-0.433287307705357,1672.77493442437
G18,227910,227909.930829579,2386,20898919.3867642,55.7058462063015,176.681125819537,-162148.768183091,1.15923861022123,-0.545144917260537,1.43939801251985,-9.38055221247565,21061068.434839,L1_L2,1.98427520752643,-0.487867928345097,1640.34771788094
G18,227940,227939.930786356,2386,20911877.1283566,55.4428481243114,176.665629092757,-162148.686385313,1.14294480428637,-0.533183620922596,1.42419893274362,-9.37174198250693,21074026.0930099,L1_L2,1.95439639198603,-0.537932848290525,1610.60335108423
G18,227970,227969.930742825,2386,20924927.2488245,55.1800260196904,176.650446343255,-162148.604587536,1.12662875740229,-0.0314151352909373,1.46748997703391,-9.39025189797051,21087076.6711808,L1_L2,1.97581267547188,-0.516886841717868,1623.10711898769
G18,228000,227999.930698988,2386,20938069.3510955,54.9173824569183,176.635563020494,-162148.52278976,1.11029078658986,0.647167352422114,1.51495961948487,-9.42365232529053,21100219.4402662,L1_L2,2.0295043687355,-0.451611551960049,1661.88820888925
G18,228030,228029.930654845,2386,20951303.0346757,54.65491997641,176.620964998624,-162148.440991984,1.0939312093173,1.06306169610952,1.57685596641362,-9.43786527740411,21113453.5584371,L1_L2,2.1136389613278,-0.345054773563374,1725.19528907155
G18,228060,228059.930610397,2386,20964627.8956806,54.3926410949044,176.606638560476,-162148.35919421,1.07755034349377,0.718256766227154,1.59224804333315,-9.4357111185733,21126778.016608,L1_L2,2.12102678302877,-0.344358752990435,1725.60880598603
G18,228090,228089.930565647,2386,20978043.5268676,54.1305483058366,176.592570382278,-162148.277396436,1.06114850746282,0.464289006874953,1.67319154619296,-9.41936435435169,21140193.4347789,L1_L2,2.2273743015143,-0.208762002226704,1806.16899654569
G18,228120,228119.930520596,2386,20991549.5176677,53.8686440796968,176.578747519037,-162148.195598664,1.04472601999606,-0.677248679027033,1.74403926958947,-9.43294209731568,21153698.3438643,L1_L2,2.35257262403153,-0.04854393877419,1901.35710135008
G18,228150,228149.930475245,2386,21005145.4542175,53.6069308643724,176.565157390567,-162148.113800892,1.02828320028664,-0.45715809211294,1.74364546601831,-9.41758438019403,21167294.4220352,L1_L2,2.33945810599295,-0.0769794638281078,1884.46310275421
G18,228180,228179.930429594,2386,21018830.9193916,53.3454110854743,176.551787768115,-162148.03200312,1.01182036794267,-0.820055055698704,1.81338378032626,-9.37806011630517,21180979.5602061,L1_L2,2.44068680130769,0.0490989228232149,1959.36828150574
G18,228210,228209.930383647,2386,21032605.492835,53.0840871466548,176.53862676157,-162147.95020535,0.995337842980905,-1.24386315199191,1.83357471187072,-9.37148360614427,21194753.678377,L1_L2,2.47453758766752,0.0834875205374455,1979.79909543996
G18,228240,228239.930337404,2386,21046468.7509958,52.8229614299078,176.525662807222,-162147.86840758,0.978835945820077,-0.675338812164434,1.75497230384747,-9.3804879130441,21208617.398377,L1_L2,2.43314839756133,0.0165645698219118,1940.03910390556
G18,228270,228269.930290867,2386,21060420.2671573,52.5620362958617,176.512884656031,-162147.786609812,0.962314997274513,-0.657133926494463,1.76502431348116,-9.37951496791514,21222568.8765479,L1_L2,2.44222967262864,0.017441737823603,1940.56024339431
G18,228300,228299.930244036,2386,21074459.6114716,52.3013140840582,176.500281362402,-162147.704812044,0.945775318547533,-0.602379262576047,1.72053950974733,-9.40269499746618,21236608.1747188,L1_L2,2.40658973382733,-0.0414046451546637,1905.59866946444
G18,228330,228329.930196914,2386,21088586.3509917,52.0407971132219,176.487842273426,-162147.623014277,0.929217231224899,-0.300361299081899,1.66498271112981,-9.41713461002179,21250735.1038042,L1_L2,2.35937673619851,-0.115338978634771,1861.67310369306
G18,228360,228359.930149502,2386,21102800.0497052,51.7804876815213,176.475557018567,-162147.54121651,0.912641057268385,-0.475649796513108,1.64616332935585,-9.42005902733355,21264948.5928897,L1_L2,2.39025878795605,-0.0855749593668282,1879.35638187297
G18,228390,228389.930101801,2386,21117100.2685668,51.5203880668184,176.463415499781,-162147.459418745,0.896047119009136,-0.803751041075512,1.61556285040967,-9.4326146129658,21279248.4219751,L1_L2,2.39378770447692,-0.0922134309061732,1875.41236013777
G18,228420,228419.930053813,2386,21131486.5655319,51.2605005269107,176.451407882034,-162147.37762098,0.879435739141104,-0.411857922364262,1.64382875620136,-9.41800016686156,21293635.080146,L1_L2,2.42828677583672,-0.0582647560863527,1895.5818088696
G18,228450,228449.93000554,2386,21145958.4955897,51.000827299766,176.439524584216,-162147.295823216,0.862807240714548,-0.2623115742468,1.73523025990741,-9.4118345278728,21308107.2183169,L1_L2,2.55202274525126,0.0920754800745413,1984.90133906254
G18,228480,228479.929956982,2386,21160515.6107968,50.741370603748,176.427756270411,-162147.214025452,0.846161947129396,-0.279193750186479,1.7313009158494,-9.41315832843452,21322664.2364878,L1_L2,2.53702117075993,0.0602858208520366,1966.01459590412
G18,228510,228509.929908142,2386,21175157.4603105,50.4821326378353,176.416093841531,-162147.13222769,0.829500182128689,-0.07021460642293,1.70441028760754,-9.41448596454563,21337306.2455732,L1_L2,2.55274985091248,0.0685016915909767,1970.89577564194
G18,228540,228539.929859021,2386,21189883.590422,50.2231155818347,176.404528427275,-162147.050429928,0.812822269792005,0.0258668236654817,1.70544621052676,-9.4272890572091,21352032.3728295,L1_L2,2.51893301772195,0.0123903328474167,1937.55912319649
G18,228570,228569.92980962,2386,21204693.5445909,49.964321596586,176.393051378413,-162146.968632167,0.796128534528814,-0.150388773350547,1.66982178880759,-9.43177921602068,21366842.0310004,L1_L2,2.46429463335689,-0.0702922728816362,1888.4360694656
G18,228600,228599.929759941,2386,21219586.8634781,49.7057528241625,176.381654259371,-162146.886834407,0.779419301071898,-0.0546057013100489,1.63734310743949,-9.43521811472472,21381735.3491713,L1_L2,2.43288383398363,-0.122662378752772,1857.32215497395
G18,228630,228629.929709985,2386,21234563.0849796,49.4474113880662,176.370328841112,-162146.805036648,0.762694894470767,0.182809041343177,1.64318068228634,-9.44876450122878,21396711.7473422,L1_L2,2.43721185179729,-0.129050638849782,1853.52678784412
G18,228660,228659.929659755,2386,21249621.7442607,49.1892993934147,176.359067094286,-162146.723238889,0.745955640084925,0.378762268136514,1.67624228679546,-9.45911695462979,21411770.5655131,L1_L2,2.46520692590738,-0.105369309398725,1867.59624306733
G18,228690,228689.929609251,2386,21264762.3737894,48.9314189271286,176.347861182654,-162146.641441131,0.729201863577396,0.12793554615003,1.74268362792498,-9.42806862004863,21426910.963684,L1_L2,2.54971979038434,-0.0102637762053626,1924.09995598214
G18,228720,228719.929558475,2386,21279984.5033707,48.6737720581074,176.336703456758,-162146.559643374,0.712433890907905,0.570657036286874,1.79444076346251,-9.41064319821997,21442133.5218549,L1_L2,2.60061767840888,0.0414397619522646,1954.81785197247
G18,228750,228749.929507429,2386,21295287.66018,48.4163608374087,176.325586447838,-162146.477845617,0.695652048326443,0.195007963342012,1.94479163690001,-9.43135643705304,21457436.4200258,L1_L2,2.78264424606145,0.257750542518433,2083.33153393291
G18,228780,228779.929456114,2386,21310671.3687975,48.1591872984156,176.314502861977,-162146.396047862,0.678856662366428,-0.0584786665695227,2.04008941096012,-9.45412059339389,21472819.9181967,L1_L2,2.89068665330526,0.379362355784857,2155.58305025515
G18,228810,228809.929404532,2386,21326135.1512419,47.9022534570057,176.303445574467,-162146.314250107,0.66204805983809,-0.21449545945815,2.12077662528169,-9.48622133269633,21488283.6072821,L1_L2,3.01833356789156,0.524325387730332,2241.70789773016
G18,228840,228839.929352685,2386,21341678.5270047,47.645561311715,176.292407624388,-162146.232452352,0.645226567821884,-0.91767583052529,2.19356183242312,-9.51332394781808,21503826.3363675,L1_L2,3.13981290090265,0.660263361540711,2322.47081433971
G18,228870,228869.929300573,2386,21357301.0130837,47.3891128438985,176.281382209388,-162146.150654599,0.628392513661786,-1.29920399722321,2.17257710719594,-9.52380377494616,21519448.3545384,L1_L2,3.1183966825847,0.617802921050199,2297.24438997559
G18,228900,228899.9292482,2386,21373002.1240175,47.1329100178849,176.270362680657,-162146.068856846,0.611546224958497,-0.863275675411681,2.09063366747088,-9.57343986685882,21535149.7636239,L1_L2,3.04557147073804,0.512045099181071,2234.41198259883
G18,228930,228929.929195566,2386,21388781.3719193,46.8769547811344,176.259342538084,-162145.987059094,0.594688029562936,0.398750511082718,1.92551522183972,-9.54851517361765,21550930.0327093,L1_L2,2.86966840998769,0.28027097113795,2096.71127947146
G18,228960,228959.929142673,2386,21404638.2665113,46.6212490643871,176.248315425596,-162145.905261342,0.577818255569403,-0.227621179593348,1.88714772423819,-9.58676448657747,21566786.1908802,L1_L2,2.82454702202356,0.210328082776494,2055.15709485454
G18,228990,228989.929089522,2386,21420572.315158,46.3657947818146,176.23727512666,-162145.823463592,0.560937231309011,-0.521046805642899,1.91876815612653,-9.59088813343698,21582719.9799657,L1_L2,2.92332812268788,0.316196543988998,2118.05523482839
G18,229020,229019.929036116,2386,21436583.022901,46.1105938311639,176.226215559952,-162145.741665842,0.54404528534285,-0.867454668526859,1.9036170944396,-9.58346381029587,21598730.2781365,L1_L2,2.92506969867632,0.303211674572862,2110.34071697553
G18,229050,229049.928982456,2386,21452669.8924925,45.8556480939035,176.215130775182,-162145.659868092,0.527142746455348,-0.927828279796975,1.96145837706418,-9.58665584166311,21614817.1163074,L1_L2,3.01891786116919,0.401466424811247,2168.71542992413
G18,229080,229079.928928543,2386,21468832.4244297,45.6009594353653,176.204014949067,-162145.578070344,0.510229943647584,0.489019091880483,1.93463011490791,-9.5792117679831,21630980.9744783,L1_L2,2.99318909796507,0.35480207668313,2140.99139703714
G18,229110,229109.928874379,2386,21485070.1169885,45.3465297048848,176.192862381445,-162145.496272596,0.493307206130539,0.701499680142614,1.77389142168865,-9.59162910485896,21647218.6635638,L1_L2,2.84211021222477,0.158174264293588,2024.17168014709
G18,229140,229139.928819967,2386,21501382.4662575,45.0923607359379,176.181667491526,-162145.414474848,0.476374863318268,0.695157484239775,1.77422587156561,-9.56463439731775,21663530.9508201,L1_L2,2.85130516256218,0.154256580394262,2021.84412170852
G18,229170,229169.928765307,2386,21517768.9661719,44.8384543462819,176.170424814285,-162145.332677102,0.459433244821424,0.637954518560423,1.74041868058366,-9.57161934875227,21679917.288991,L1_L2,2.8116206601431,0.0921449567309675,1984.94261625133
G18,229200,229199.928710402,2386,21534229.1085478,44.5848123380855,176.159128996964,-162145.250879356,0.44248268044022,1.10970391768415,1.67750933029703,-9.58600727394889,21696377.8180764,L1_L2,2.79142799855408,0.0534475209325167,1961.9518529437
G18,229230,229229.928655253,2386,21550762.3831155,44.3314364980667,176.147774795707,-162145.16908161,0.425523500157909,1.00386420959838,1.65206800201507,-9.55712245718978,21712910.9253328,L1_L2,2.7947949348367,0.042644470019766,1955.53358823415
G18,229260,229259.928599861,2386,21567368.2775535,44.0783285976241,176.136357072309,-162145.087283866,0.408556034134004,0.0895979592425398,1.68053624150882,-9.55189881643228,21729515.8925891,L1_L2,2.84670984361203,0.0886388293785167,1982.85957011602
G18,229290,229289.928544229,2386,21584046.2775224,43.8254903929666,176.124870791076,-162145.005486122,0.391580612697399,0.310887608713193,1.69373049534026,-9.56381129464116,21746194.1416745,L1_L2,2.93935903801354,0.181540557055327,2038.05396705261
G18,229320,229319.928488358,2386,21600795.8666986,43.5729236252458,176.113311015788,-162144.923688378,0.374597566339768,0.0884595714364339,1.7719129357138,-9.51476326440272,21762943.6198454,L1_L2,3.11559644741061,0.370444583516167,2150.28485963269
G18,229350,229349.92843225,2386,21617616.5268079,43.3206300206847,176.101672906772,-162144.841890636,0.357607225708805,-0.180594445822075,1.85853809409074,-9.4874467538628,21779764.1180163,L1_L2,3.28751949742321,0.552421797750458,2258.40042268017
G18,229380,229379.928375907,2386,21634507.737659,43.0686112907038,176.089951718072,-162144.760092894,0.340609921601286,-0.353089743796096,1.94108615806374,-9.47344199221388,21796655.2361872,L1_L2,3.43213497277635,0.701087309463279,2346.72497238934
G18,229410,229409.92831933,2386,21651468.9771774,42.8168691320514,176.078142794706,-162144.678295152,0.32360598495655,-0.468295482388398,1.9934208496787,-9.4588270908403,21813616.4343581,L1_L2,3.57078703480603,0.841310651100176,2430.03389431818
G18,229440,229439.928262521,2386,21668499.7214384,42.5654052269277,176.066241570028,-162144.596497412,0.306595746849553,-0.355265832075885,2.04204543657335,-9.45386165545545,21830647.332529,L1_L2,3.67645471936608,0.94239573506186,2490.09015363727
G18,229470,229469.928205482,2386,21685599.444701,42.3142212431118,176.054243563166,-162144.514699672,0.289579538484166,0.107649509241158,2.05735470135956,-9.48528281580334,21847747.4706999,L1_L2,3.69322920346255,0.94147769979497,2489.54473425499
G18,229500,229499.928148215,2386,21702767.6194409,42.0633188340865,176.042144376549,-162144.432901932,0.272557691186427,0.225543770627761,2.0859443176981,-9.49231103712892,21864915.7688708,L1_L2,3.76354186495003,1.00073732752001,2524.75182347457
G18,229530,229529.928090721,2386,21720003.7163837,41.8126996391626,176.029939693517,-162144.351104193,0.255530536397707,0.6878072938206,2.10715222158338,-9.52695949681156,21882152.3379562,L1_L2,3.83819153656723,1.06404300345998,2562.36273441828
G18,229560,229559.928033003,2386,21737307.2045386,41.5623652836028,176.017625276006,-162144.269306455,0.238498405667943,0.583484987237753,2.09432872042273,-9.52416672603407,21899455.6561271,L1_L2,3.83729546764094,1.04204920543398,2549.29586850796
G18,229590,229589.927975061,2386,21754677.5512308,41.3123173787461,176.005196962309,-162144.187508717,0.221461630648924,0.249439214080817,2.10087312286242,-9.5377034532713,21916825.6033834,L1_L2,3.83666634054574,1.0203057291255,2536.37772271925
G18,229620,229619.927916899,2386,21772114.222135,41.0625575221285,175.99265066491,-162144.10571098,0.204420543087373,0.556081310774108,2.08567279766691,-9.52960012866374,21934262.4706398,L1_L2,3.79113296915507,0.948825805335536,2493.91036085936
G18,229650,229649.927858517,2386,21789616.6813083,40.8130872976089,175.979982368387,-162144.023913244,0.187375474818329,0.0584887520833912,2.10766131819462,-9.52633111398844,21951764.3978961,L1_L2,3.82156125735328,0.961428454854743,2501.39779578022
G18,229680,229679.927799917,2386,21807184.3912226,40.5639082754884,175.967188127381,-162143.942115508,0.170326757758205,0.382615297400691,2.09566028017091,-9.4974019987793,21969332.376067,L1_L2,3.83044030196376,0.950034374205604,2494.62839088536
G18,229710,229709.927741101,2386,21824816.8127979,40.3150220126343,175.954264064631,-162143.860317772,0.153274723898101,0.229781416825653,2.08634494121625,-9.48508030878191,21986964.6033233,L1_L2,3.85370097478276,0.954163590149543,2497.0816238827
G18,229740,229739.927682071,2386,21842513.4054343,40.0664300526007,175.941206369072,-162143.778520038,0.136219705296976,0.257272137104244,2.08016488844018,-9.50102006741805,22004661.2324088,L1_L2,3.92740197452722,1.01267641335829,2531.84502463774
G18,229770,229769.927622829,2386,21860273.6270453,39.8181339257496,175.928011293991,-162143.696722304,0.119162034074787,0.560639382401981,2.0745072901195,-9.4992994362147,22022421.6996651,L1_L2,3.93442016996766,0.99838009592221,2523.35135461641
G18,229800,229799.927563377,2386,21878096.9340893,39.5701351493737,175.91467515524,-162143.61492457,0.10210204240583,0.131564214479993,2.05981274326335,-9.53277053203961,22040244.4869214,L1_L2,3.90844535469299,0.948546476784956,2493.74440731595
G18,229830,229829.927503716,2386,21895982.7816028,39.3224352278169,175.901194329507,-162143.533126837,0.0850400625118717,0.0569884696231986,2.05062268978949,-9.53873370310268,22058130.1632632,L1_L2,3.87658515391389,0.892670213486215,2460.54742882086
G18,229860,229859.927443848,2386,21913930.6232319,39.0750356525941,175.88756525264,-162143.451329105,0.0679764266553056,-0.185731257953084,2.00971692642484,-9.5553556108115,22076077.6505195,L1_L2,3.82966626811038,0.821110902206648,2418.03290158824
G18,229890,229889.927383775,2386,21931939.9112646,38.8279379025136,175.873784418019,-162143.369531373,0.0509114671324341,0.188861091202615,1.97239396851998,-9.59651715348303,22094087.1468613,L1_L2,3.7281157568325,0.692323870966747,2341.51847392045
G18,229920,229919.927323499,2386,21950010.096663,38.5811434437966,175.859848374988,-162143.287733641,0.033845516266586,0.370084791778033,1.93073155150808,-9.60366344488973,22112157.3941176,L1_L2,3.67348176053292,0.613929862225571,2294.94334400507
G18,229950,229949.927263022,2386,21968140.6290947,38.3346537301995,175.845753727318,-162143.205935911,0.0167789064014491,0.620685763991879,1.67669351200658,-9.68107539663214,22130287.761374,L1_L2,3.32243648990688,0.226357970537913,2064.68070663311
G18,229980,229979.927202345,2386,21986330.956965,38.0884702031328,175.831497131735,-162143.124138181,-0.000288030105895302,0.805967022871124,1.63320960508764,-9.69550352201476,22148478.1486303,L1_L2,3.26127211792954,0.144006756788346,2015.75453815844
G18,230010,230009.927141471,2386,22004580.5274479,37.8425942917825,175.817075296482,-162143.042340451,-0.0173549608916825,0.758886146630229,1.60963643155094,-9.69720849326726,22166727.6268012,L1_L2,3.28077176258916,0.1456906793933,2016.75498341379
G18,230040,230039.927080401,2386,22022888.786518,37.5970274132311,175.802484979923,-162142.960542722,-0.0344215535922324,0.932784527948594,1.60062550878895,-9.68610437786831,22185035.9940575,L1_L2,3.27979069933551,0.126062165953551,2005.0933707704
G18,230070,230069.927019137,2386,22041255.1789818,37.3517709725778,175.787722989196,-162142.878744993,-0.0514874758508344,0.850570079835484,1.60420301667012,-9.67402741072785,22203402.2722284,L1_L2,3.31244406392809,0.140791190071874,2013.84411872746
G18,230100,230099.926957681,2386,22059679.1485086,37.1068263630583,175.7727861789,-162142.796947265,-0.0685523953245231,0.865687628829487,1.61815307283911,-9.66143875724504,22221826.1885702,L1_L2,3.30887432998874,0.118288920145217,2000.47516155772
G18,230130,230129.926896035,2386,22078160.1376617,36.8621949661678,175.757671449824,-162142.715149537,-0.0856159796907987,1.13534544184603,1.6415462961222,-9.67200057967367,22240307.3958265,L1_L2,3.322053905107,0.11272241391426,1997.16801149556
G18,230160,230159.9268342,2386,22096697.5879294,36.6178781517784,175.742375747713,-162142.63335181,-0.102677896654593,1.09900507180769,1.61973214456086,-9.62653122889741,22258844.7430829,L1_L2,3.32011870060764,0.0917784895111745,1984.72489223587
G18,230190,230189.926772179,2386,22115290.9397557,36.3738772782625,175.72689606207,-162142.551554084,-0.119737813954919,1.170016823218,1.60684170738747,-9.59638521106669,22277438.0994247,L1_L2,3.31836024989231,0.0709993017632612,1972.37964564833
G18,230220,230219.926709974,2386,22133939.6325708,36.1301936926135,175.711229424992,-162142.469756358,-0.136795399371673,1.19120040211519,1.60069286951291,-9.63964268267556,22296086.7775955,L1_L2,3.34727259115507,0.0806803185242704,1978.1312919871
G18,230250,230249.926647585,2386,22152643.1048218,35.8868287305639,175.695372910042,-162142.387958632,-0.153850320732611,0.923678151756442,1.6043923042702,-9.64551685804463,22314789.9957664,L1_L2,3.42545752147011,0.138666155392661,2012.58160175903
G18,230280,230279.926585016,2386,22171400.7940029,35.64378371671,175.679323631151,-162142.306160907,-0.170902245919881,1.18065839166778,1.61289836597867,-9.66493871950511,22333547.9139373,L1_L2,3.4622129135623,0.155031629371905,2022.30459065767
G18,230310,230309.926522268,2386,22190212.1366854,35.4010599646302,175.663078741556,-162142.224363183,-0.18795084287702,1.07361574145906,1.65046914099482,-9.66677874789355,22352359.1521082,L1_L2,3.5294930168806,0.200738182505207,2049.45958227439
G18,230340,230339.926459343,2386,22209076.5685483,35.1586587770067,175.646635432761,-162142.142565459,-0.204995779615715,1.20819590233737,1.68922733274237,-9.65326188905944,22371223.7193645,L1_L2,3.5950590915279,0.243969182434107,2075.14380828085
G18,230370,230369.926396242,2386,22227993.5244074,34.9165814457479,175.62999093354,-162142.060767735,-0.222036724222456,0.907147093867256,1.71901172584224,-9.63653319434056,22390140.3775354,L1_L2,3.66317647417395,0.288867762093896,2101.81876998073
G18,230400,230399.926332968,2386,22246962.4382457,34.6748292521072,175.613142508953,-162141.978970012,-0.239073344865568,1.84638278735711,1.71479230923354,-9.64795664245462,22409110.1647918,L1_L2,3.66211993862034,0.266618328320487,2088.60002679894
G18,230430,230429.926269523,2386,22265982.7432424,34.4334034668071,175.596087459402,-162141.897172289,-0.256105309801744,0.71634611435554,1.70333690325439,-9.68586216420534,22428129.2829626,L1_L2,3.67009653514281,0.252958084214066,2080.48425807951
G18,230460,230459.926205909,2386,22285053.8718028,34.1923053501586,175.57882311971,-162141.815374567,-0.273132287383017,0.763010637929426,1.70114838616425,-9.6496294889601,22447200.410219,L1_L2,3.686898669919,0.247533089013843,2077.26118197589
G18,230490,230489.926142126,2386,22304175.2555873,33.9515361521829,175.56134685822,-162141.733576845,-0.290153946063477,0.944771529203301,1.68653190963911,-9.6555103858777,22466321.9083899,L1_L2,3.68430028102126,0.223620231248204,2063.05417209125
G18,230520,230519.926078178,2386,22323346.3255402,33.7110971127342,175.543656075934,-162141.651779124,-0.307169954406018,0.995895027521763,1.69485668779044,-9.68988522912098,22485492.9447316,L1_L2,3.66434729490313,0.183474341420218,2039.20285916145
G18,230550,230549.926014066,2386,22342566.5119193,33.4709894616202,175.525748205656,-162141.569981403,-0.324179981089169,0.99766617828759,1.7072356328641,-9.6956214228784,22504713.091988,L1_L2,3.68824108545773,0.184292903684531,2039.68918004765
G18,230580,230579.925949792,2386,22361835.244324,33.2312144187239,175.507620711178,-162141.488183683,-0.341183694913869,1.20389576691504,1.71979375985735,-9.69835061357049,22523982.0501589,L1_L2,3.77257173006239,0.240629655177886,2073.15974191772
G18,230610,230609.925885359,2386,22381151.9517241,32.9917731941256,175.489271086474,-162141.406385963,-0.358180764810223,1.8582591430852,1.70854140876789,-9.68569386243838,22543299.3465006,L1_L2,3.77195064510012,0.217976813070396,2059.70132741576
G18,230640,230639.925820767,2386,22400516.0624884,32.7526669882249,175.470696854925,-162141.324588243,-0.375170859844257,2.23200119903039,1.66297721000674,-9.66161328321715,22562663.733757,L1_L2,3.73950823565984,0.166285072670867,2028.99044066153
G18,230670,230669.925756018,2386,22419927.0044127,32.5138969918623,175.451895568565,-162141.242790524,-0.392153649224714,2.28882338314973,1.62767539245371,-9.65581366383329,22582074.6300988,L1_L2,3.70191845211709,0.110285824373563,1995.72039481884
G18,230700,230699.925691116,2386,22439384.204748,32.2754643864419,175.432864807336,-162141.160992805,-0.409128802309775,2.00073220941634,2.00072929787262,-9.73755198735062,22601531.9882697,L1_L2,4.21266787618585,0.548298316970545,2255.95059703517
G18,230730,230729.925626061,2386,22458887.0902281,32.0373703440515,175.413602178384,-162141.079195087,-0.426095988613927,1.87073621280987,2.00436685578876,-9.74299836003862,22621034.6646114,L1_L2,4.19835598901582,0.510715968147659,2233.62232467025
G18,230760,230759.925560856,2386,22478435.087098,31.7996160275878,175.394105315353,-162140.997397369,-0.443054877814521,1.74650819707697,2.0502609495211,-9.75071870452907,22640582.6027823,L1_L2,4.32872385141288,0.601801573953647,2287.73773466085
G18,230790,230789.925495502,2386,22498027.6211407,31.5622025908753,175.374371877714,-162140.915599652,-0.460005139758746,0.359828660651387,2.07040888134017,-9.75701421265708,22660173.7500386,L1_L2,4.39346449795151,0.633407424833179,2306.51527435346
G18,230820,230819.925430001,2386,22517664.117705,31.3251311787903,175.354399550102,-162140.833801935,-0.476946444470236,1.13209769928296,2.06613820594474,-9.76243919586797,22679810.997295,L1_L2,4.43674385921979,0.645409855708534,2313.64610981265
G18,230850,230849.925364357,2386,22537343.923417,31.0884062634091,175.334187899586,-162140.917781286,-0.493898761482413,1.26935259072607,2.07865243094062,-9.73209808757135,22699491.0554659,L1_L2,4.45101620748491,0.631621761448983,2305.45438327977
G18,230880,230879.925298568,2386,22557066.6179846,30.8520223019004,175.313730941446,-162140.835983569,-0.510821760122469,2.73915168177389,2.08094404473544,-9.735809494281,22719215.2536368,L1_L2,4.54969515468058,0.690620127609027,2340.50625284
G18,230910,230909.925232639,2386,22576831.548768,30.6159837471081,175.293028291946,-162140.754185853,-0.527734812318549,2.47924889084377,2.0522737743329,-9.72329840073652,22738979.8299785,L1_L2,4.52004101122886,0.638224127112264,2309.3769539386
G18,230940,230939.925166572,2386,22596638.1396492,30.3802917093357,175.272077730133,-162140.672388138,-0.544637588855898,2.57244708609769,2.00103497595658,-9.72681446429822,22758786.4172349,L1_L2,4.48811288728493,0.584218795856948,2277.29152598652
G18,230970,230969.925100367,2386,22616485.8142102,30.1449472905486,175.250877057182,-162140.590590423,-0.56152976072999,2.7432720855614,1.97542191369336,-9.7428570518546,22778634.1426621,L1_L2,4.43305960655191,0.510989705370372,2233.78495631666
G18,231000,230999.925034026,2386,22636373.9957594,29.9099515844971,175.229424095827,-162140.508792708,-0.578410999153147,-0.291658212052362,1.96742567037847,-9.75430730311353,22798519.2190039,L1_L2,4.427698993124,0.480178887743458,2215.47975854944
G18,231030,231029.924967553,2386,22656302.1073571,29.6753056768387,175.207716689826,-162140.426994994,-0.595280975561253,3.32433887706228,1.9703612170871,-9.77725987550085,22818450.9262602,L1_L2,4.47228821255177,0.491113712879969,2221.97631242534
G18,231060,231059.924900949,2386,22676269.5718424,29.4410106452588,175.185752703419,-162140.34519728,-0.612139361620579,2.62220664444707,1.94935125239614,-9.78267528610188,22838417.602602,L1_L2,4.45121624643703,0.44707148572585,2195.8101233963
G18,231090,231089.924834215,2386,22696275.8118581,29.207067559595,175.163530020818,-162140.263399566,-0.628985829234324,3.24089073763769,1.94102595900694,-9.7730680961896,22858424.4607729,L1_L2,4.51563860305743,0.473618184459687,2211.58194017423
G18,231120,231119.924767353,2386,22716320.2498768,28.973477481957,175.1410465457,-162140.181601852,-0.645820050549458,3.81352957245167,1.91006619622048,-9.78269121715866,22878469.3571146,L1_L2,4.4662863813553,0.406430491989426,2171.6646613443
G18,231150,231149.924700367,2386,22736402.3082259,28.7402414668503,175.118300200716,-162140.099804139,-0.662641697963299,3.43273393239529,1.90479832085282,-9.82618251241014,22898550.9952855,L1_L2,4.49187984497817,0.400595112938845,2168.19776965512
G18,231180,231179.924633256,2386,22756521.4091132,28.5073605612974,175.095288927015,-162140.018006427,-0.679450444130251,3.37209075319923,1.92982946654423,-9.8448520015172,22918670.0825419,L1_L2,4.6038810454461,0.463994405602623,2205.86429978637
G18,231210,231209.924566024,2386,22776676.9746517,28.2748358049588,175.072010683777,-162139.936208714,-0.696245961968561,2.49248086668023,1.95076298410761,-9.82834477994005,22938824.7279691,L1_L2,4.62838184279452,0.456126244751482,2201.18970003415
G18,231240,231239.924498672,2386,22796868.4268844,28.0426682302573,175.048463447759,-162139.854411002,-0.7130279246668,2.46446243864543,1.97196050085719,-9.8140782171294,22959016.2152254,L1_L2,4.75643967590818,0.530070688629635,2245.12127255414
G18,231270,231269.924431203,2386,22817095.187809,27.8108588624968,175.024645212856,-162139.772613291,-0.729796005690713,3.16596082059481,1.98177519475971,-9.81403494141044,22979243.6915672,L1_L2,4.83538806383218,0.563817596969984,2265.17084860508
G18,231300,231299.924363618,2386,22837356.6794025,27.5794087199855,175.000553989666,-162139.690815579,-0.746549878789792,2.8685561122342,2.04078108190035,-9.75673533675994,22999505.0697381,L1_L2,5.08441403041668,0.729434747600527,2363.56663714423
G18,231330,231329.924295918,2386,22857652.3236452,27.3483188141576,174.976187805077,-162139.609017868,-0.763289218003928,3.55671627817621,2.05367388155799,-9.74648220378354,23019801.447909,L1_L2,5.19524043992449,0.784947009286244,2396.54735648013
G18,231360,231359.924228107,2386,22877981.542545,27.1175901496932,174.951544701852,-162139.527220158,-0.780013697670118,2.71108258321065,2.07832505793212,-9.73052869380052,23040129.9369944,L1_L2,5.37613297067119,0.892996803603949,2460.74146121449
G18,231390,231389.924160186,2386,22898343.7581613,26.8872237246409,174.926622738238,-162139.445422447,-0.796722992429011,2.82545389674599,2.07840460741786,-9.73055929948552,23060492.3151653,L1_L2,5.4894046721736,0.947269200942973,2492.98555738299
G18,231420,231419.924092156,2386,22918738.3926285,26.6572205305386,174.901419987571,-162139.363624737,-0.81341677723159,2.95177846186085,2.09753513162814,-9.72814970538388,23080887.1024216,L1_L2,5.580973152076,0.983741464152713,2514.65431019432
G18,231450,231449.924024021,2386,22939164.8681799,26.4275815525333,174.875934537904,-162139.281827027,-0.830094727345858,3.51840314566881,2.08468651894924,-9.7457494494378,23101314.129678,L1_L2,5.63117316745547,0.988037775121494,2517.20681700882
G18,231480,231479.923955781,2386,22959622.6071706,26.1983077695034,174.850164491637,-162139.200029317,-0.84675651836331,3.42932118114127,2.04925535040367,-9.780140774731,23121771.7060197,L1_L2,5.62274208220028,0.948045652967053,2493.44685990438
G18,231510,231509.923887438,2386,22980111.0321011,25.9694001541784,174.824107965157,-162139.118231608,-0.863401826205671,2.72417906629136,2.0349706676088,-9.7712332858508,23142259.351447,L1_L2,5.61353334245058,0.907573490907355,2469.4017034421
G18,231540,231539.923818996,2386,23000629.5656399,25.7408596732591,174.797763088491,-162139.036433899,-0.880030327131448,3.31485024298727,1.99319114511731,-9.82437294358642,23162778.3677888,L1_L2,5.57083436837584,0.842661445803394,2430.83642297824
G18,231570,231569.923750454,2386,23021177.6306464,25.5126872875387,174.771128004962,-162138.95463619,-0.896641697742472,3.41683310570745,2.00107319369162,-9.82345746999108,23183326.4841305,L1_L2,5.58537310038144,0.819864028215604,2417.29211387941
G18,231600,231599.923681817,2386,23041754.6501937,25.2848839520213,174.744200870861,-162138.872838482,-0.913235614990614,3.58748119110656,2.00857450309575,-9.7963029477596,23203903.6913869,L1_L2,5.66763783227238,0.845709091531468,2432.64707787394
G18,231630,231629.923613084,2386,23062360.0475907,25.0574506160432,174.716979855122,-162138.791040774,-0.929811756184214,3.28715516366534,2.03615516200466,-9.76273648350081,23224508.8277286,L1_L2,5.77213024410415,0.886450141630746,2456.85198500566
G18,231660,231659.923544259,2386,23082993.2464043,24.8303882233921,174.689463139005,-162138.709243066,-0.946369798994696,3.29107223747376,2.04409271673507,-9.7218558778469,23245142.0640704,L1_L2,5.87098099271573,0.921932280455314,2477.93248914069
G18,231690,231689.923475343,2386,23103653.6704819,24.603697712425,174.661648915793,-162138.627445358,-0.962909421463206,3.36797781768705,2.05971552839261,-9.68959574648901,23265802.6004122,L1_L2,5.97159768018305,0.957464370334246,2499.04266999316
G18,231720,231719.923406338,2386,23124340.7439727,24.3773800161888,174.633535390489,-162138.54564765,-0.979430302007068,3.32629435615275,2.06863455026709,-9.68240305877649,23286489.6676685,L1_L2,6.07232349792718,0.991861107454101,2519.47831967797
G18,231750,231749.923337246,2386,23145053.8913497,24.1514360625389,174.605120779526,-162138.463849943,-0.995932119426334,3.1976748041249,2.06326746780294,-9.69968423724039,23307202.6640103,L1_L2,6.11520379113274,0.985090346705338,2515.45570281523
G18,231780,231779.923268069,2386,23165792.5374309,23.9258667742564,174.576403310481,-162138.382052236,-1.01241455291039,3.23789628932361,2.07157648720073,-9.6902454179584,23327941.3603521,L1_L2,6.19055815314998,1.000041590876,2524.33847524678
G18,231810,231809.923198809,2386,23186556.1074008,23.7006730691686,174.547381221803,-162138.300254529,-1.02887728204433,3.46061999591509,2.06799213770903,-9.70972389988052,23348705.0857793,L1_L2,6.18862670852943,0.961637015219492,2501.52170481663
G18,231840,231839.923129468,2386,23207344.0268316,23.4758558602645,174.518052762537,-162138.218456823,-1.04531998681565,3.4540213229883,2.03391234123929,-9.70743139170038,23369492.9312065,L1_L2,6.18657681347769,0.923182191433218,2478.67508117181
G18,231870,231869.923060047,2386,23228155.7217038,23.2514160558144,174.488416192068,-162138.136659116,-1.06174234762062,3.59795413731665,2.03654396443129,-9.71537361712853,23390304.7457192,L1_L2,6.22765982918607,0.913513153464938,2472.9305516247
G18,231900,231899.922990549,2386,23248990.618427,23.027354559486,174.458469779856,-162138.05486141,-1.07814404527079,3.40657392259645,1.99777168894237,-9.72402926467354,23411139.3202319,L1_L2,6.1622254350611,0.832992060775963,2425.09168723777
G18,231930,231929.922920976,2386,23269848.1438609,22.8036722704617,174.428211805197,-162137.973063704,-1.09452476099957,2.95903512740088,2.17354097820241,-9.64043011896545,23431996.6056591,L1_L2,6.43517455385253,0.974767849136213,2509.32294250544
G18,231960,231959.922851329,2386,23290727.725335,22.5803700835562,174.397640556969,-162137.891265998,-1.11088417646856,3.00002442862881,2.16104092809344,-9.65258782326542,23452876.1710863,L1_L2,6.44357673569773,0.941693535090593,2489.67296544377
G18,231990,231989.92278161,2386,23311628.790669,22.3574488893314,174.366754333405,-162137.809468293,-1.12722197377411,3.3370606680722,2.20310209891382,-9.6666163293551,23473777.6474281,L1_L2,6.58300812553778,0.992721145765754,2519.98928214488
G18,232020,232019.922711821,2386,23332550.7681932,22.1349095742135,174.335551441858,-162137.727670587,-1.14353783545375,3.44795903827022,2.1766331029312,-9.70808494366005,23494699.6128553,L1_L2,6.52549462030451,0.916726771771687,2474.83981347441
G18,232050,232049.922641965,2386,23353493.0867678,21.9127530206082,174.304030198573,-162137.645872882,-1.1598314444926,3.67199435058154,2.22721893123626,-9.73779614056704,23515642.2601116,L1_L2,6.6956451748336,0.984980069411213,2515.39018531736
G18,232080,232079.922572043,2386,23374455.1758027,21.6909801070154,174.272188928477,-162137.564075177,-1.1761024843299,3.68133468713745,2.18832534368352,-9.75362884927914,23536604.3564534,L1_L2,6.75913834743301,0.984598136185928,2515.16327270156
G18,232110,232109.922502056,2386,23395436.4652771,21.4695917081462,174.240025964956,-162137.482277472,-1.19235063886522,3.57716387384426,2.1888597436428,-9.76456062564879,23557585.5818806,L1_L2,6.86481153465138,1.00955719973572,2529.99185011538
G18,232140,232139.922432008,2386,23416436.3857586,21.2485886950347,174.207539649655,-162137.400479768,-1.20857559246512,3.3735557886182,2.19003839496773,-9.75258888151751,23578585.3182224,L1_L2,6.94985266100343,1.0206295752351,2536.57012485392
G18,232170,232169.922361899,2386,23437454.3684223,21.0279719351539,174.174728332273,-162137.318682063,-1.22477702996938,3.46315071160937,2.22271044902613,-9.76600099097975,23599603.5054788,L1_L2,7.1304466799527,1.08864651710782,2576.98007396915
G18,232200,232199.922291732,2386,23458489.8450697,20.8077422925292,174.141590370366,-162137.236884359,-1.24095463669743,3.8347038798943,2.25232845348249,-9.78872382750706,23620639.4218205,L1_L2,7.26420793566147,1.12639724618557,2599.40838372686
G18,232230,232229.922221509,2386,23479542.2481477,20.5879006278512,174.108124129159,-162137.155086655,-1.25710809845471,3.62410354394632,2.22082372846183,-9.84317442262188,23641691.5581623,L1_L2,7.27371634561752,1.08871041652559,2577.01803763157
G18,232260,232259.922151231,2386,23500611.0107667,20.3684477985882,174.074327981354,-162137.073288951,-1.27323710153914,3.81400005136936,2.42002682929849,-9.78751701336267,23662760.8035895,L1_L2,7.6322967714633,1.25632858350172,2676.60266187073
G18,232290,232289.9220809,2386,23521695.5667192,20.149384659101,174.040200306955,-162136.991491247,-1.28934133274725,3.79584982794664,2.43763555804228,-9.81109690803357,23683845.4399313,L1_L2,7.7965296654885,1.30648455534559,2706.40112405134
