bootType,cpuLoad,cpuLoadMax,memUsage,memUsageMax,ioUsage,ioUsageMax,runTime,noticeCount,warnCount,errorCount,tempValue
1,38,45,5,16,3,25,38270,18,0,0,0
1,37,45,5,16,3,25,38280,18,0,0,0
1,41,45,5,16,3,25,38290,18,0,0,0
1,38,45,5,16,3,25,38300,18,0,0,0
1,38,45,5,16,3,25,38310,18,0,0,0
1,39,45,7,16,3,25,38320,18,0,0,0
1,38,45,5,16,3,25,38330,18,0,0,0
1,38,45,5,16,3,25,38340,18,0,0,0
1,39,45,5,16,3,25,38350,18,0,0,0
1,37,45,5,16,3,25,38360,18,0,0,0
1,37,45,5,16,3,25,38370,18,0,0,0
1,38,45,5,16,3,25,38380,18,0,0,0
1,38,45,5,16,3,25,38390,18,0,0,0
1,38,45,5,16,3,25,38400,18,0,0,0
1,38,45,5,16,3,25,38410,18,0,0,0
1,38,45,4,16,3,25,38420,18,0,0,0
1,37,45,5,16,3,25,38430,18,0,0,0
1,37,45,5,16,3,25,38440,18,0,0,0
1,38,45,5,16,3,25,38450,18,0,0,0
1,38,45,5,16,3,25,38460,18,0,0,0
1,39,45,5,16,3,25,38470,18,0,0,0
1,39,45,5,16,3,25,38480,18,0,0,0
1,37,45,4,16,3,25,38490,18,0,0,0
1,38,45,5,16,3,25,38500,18,0,0,0
1,37,45,5,16,3,25,38510,18,0,0,0
1,37,45,5,16,3,25,38520,18,0,0,0
1,37,45,5,16,3,25,38530,18,0,0,0
1,37,45,5,16,3,25,38540,18,0,0,0
1,37,45,5,16,3,25,38550,18,0,0,0
1,37,45,5,16,3,25,38560,18,0,0,0
1,36,45,5,16,3,25,38570,18,0,0,0
1,37,45,5,16,3,25,38580,18,0,0,0
1,38,45,5,16,3,25,38590,18,0,0,0
1,37,45,5,16,3,25,38600,18,0,0,0
1,36,45,5,16,3,25,38610,18,0,0,0
1,37,45,5,16,3,25,38620,18,0,0,0
1,37,45,7,16,3,25,38630,18,0,0,0
1,38,45,5,16,3,25,38640,18,0,0,0
1,38,45,5,16,3,25,38650,18,0,0,0
1,36,45,5,16,3,25,38660,18,0,0,0
1,36,45,5,16,3,25,38670,18,0,0,0
1,36,45,5,16,3,25,38680,18,0,0,0
1,37,45,5,16,3,25,38690,18,0,0,0
1,36,45,5,16,3,25,38700,18,0,0,0
1,38,45,5,16,3,25,38710,18,0,0,0
1,37,45,5,16,3,25,38720,18,0,0,0
1,36,45,4,16,3,25,38730,18,0,0,0
1,37,45,4,16,3,25,38740,18,0,0,0
1,37,45,5,16,3,25,38750,18,0,0,0
1,37,45,5,16,3,25,38760,18,0,0,0
1,38,45,4,16,3,25,38770,18,0,0,0
1,37,45,5,16,3,25,38780,18,0,0,0
1,37,45,4,16,3,25,38790,18,0,0,0
1,37,45,5,16,3,25,38800,18,0,0,0
1,39,45,5,16,3,25,38810,18,0,0,0
1,37,45,4,16,3,25,38820,18,0,0,0
1,38,45,4,16,3,25,38830,18,0,0,0
1,39,45,5,16,3,25,38840,18,0,0,0
1,37,45,5,16,3,25,38850,18,0,0,0
1,37,45,4,16,3,25,38860,18,0,0,0
1,38,45,4,16,3,25,38870,18,0,0,0
1,37,45,5,16,3,25,38880,18,0,0,0
1,38,45,4,16,3,25,38890,18,0,0,0
1,38,45,5,16,3,25,38900,18,0,0,0
1,38,45,5,16,3,25,38910,18,0,0,0
1,38,45,5,16,3,25,38920,18,0,0,0
1,38,45,5,16,3,25,38930,18,0,0,0
1,38,45,4,16,3,25,38940,18,0,0,0
1,40,45,5,16,3,25,38950,18,0,0,0
1,39,45,5,16,3,25,38960,18,0,0,0
1,38,45,5,16,3,25,38970,18,0,0,0
1,40,45,5,16,3,25,38980,18,0,0,0
1,39,45,5,16,3,25,38990,18,0,0,0
1,38,45,5,16,3,25,39000,18,0,0,0
1,40,45,4,16,3,25,39010,18,0,0,0
1,38,45,5,16,3,25,39020,18,0,0,0
1,38,45,5,16,3,25,39030,18,0,0,0
1,38,45,5,16,3,25,39040,18,0,0,0
1,39,45,5,16,3,25,39050,18,0,0,0
1,38,45,5,16,3,25,39060,18,0,0,0
1,40,45,5,16,3,25,39070,18,0,0,0
1,38,45,5,16,3,25,39080,18,0,0,0
1,38,45,5,16,3,25,39090,18,0,0,0
1,37,45,5,16,3,25,39100,18,0,0,0
1,38,45,5,16,3,25,39110,18,0,0,0
1,37,45,5,16,3,25,39120,18,0,0,0
1,40,45,5,16,3,25,39130,18,0,0,0
1,38,45,5,16,3,25,39140,18,0,0,0
1,38,45,5,16,3,25,39150,18,0,0,0
1,38,45,5,16,3,25,39160,18,0,0,0
1,38,45,5,16,3,25,39170,18,0,0,0
1,38,45,5,16,3,25,39180,18,0,0,0
1,39,45,5,16,3,25,39190,18,0,0,0
1,39,45,5,16,3,25,39200,18,0,0,0
1,38,45,5,16,3,25,39210,18,0,0,0
1,40,45,5,16,3,25,39220,18,0,0,0
1,39,45,5,16,3,25,39230,18,0,0,0
1,39,45,5,16,3,25,39240,18,0,0,0
1,39,45,5,16,3,25,39250,18,0,0,0
1,38,45,5,16,3,25,39260,18,0,0,0
1,38,45,5,16,3,25,39270,18,0,0,0
1,40,45,5,16,3,25,39280,18,0,0,0
1,39,45,5,16,3,25,39290,18,0,0,0
1,39,45,5,16,3,25,39300,18,0,0,0
1,39,45,5,16,3,25,39310,18,0,0,0
1,39,45,5,16,3,25,39320,18,0,0,0
1,38,45,5,16,3,25,39330,18,0,0,0
1,41,45,5,16,3,25,39340,18,0,0,0
1,39,45,5,16,3,25,39350,18,0,0,0
1,39,45,5,16,3,25,39360,18,0,0,0
1,41,45,7,16,3,25,39370,18,0,0,0
1,38,45,5,16,3,25,39380,18,0,0,0
1,39,45,5,16,3,25,39390,18,0,0,0
1,40,45,5,16,3,25,39400,18,0,0,0
1,40,45,4,16,3,25,39410,18,0,0,0
1,39,45,5,16,3,25,39420,18,0,0,0
1,40,45,5,16,3,25,39430,18,0,0,0
1,38,45,5,16,3,25,39440,18,0,0,0
1,38,45,4,16,3,25,39450,18,0,0,0
1,38,45,4,16,3,25,39460,18,0,0,0
1,38,45,5,16,3,25,39470,18,0,0,0
1,38,45,5,16,3,25,39480,18,0,0,0
1,39,45,4,16,3,25,39490,18,0,0,0
1,38,45,7,16,3,25,39500,18,0,0,0
1,37,45,5,16,3,25,39510,18,0,0,0
1,38,45,7,16,3,25,39520,18,0,0,0
1,38,45,7,16,3,25,39530,18,0,0,0
1,38,45,4,16,3,25,39540,18,0,0,0
1,39,45,4,16,3,25,39550,18,0,0,0
1,39,45,4,16,3,25,39560,18,0,0,0
1,39,45,5,16,3,25,39570,18,0,0,0
1,38,45,5,16,3,25,39580,18,0,0,0
1,37,45,5,16,3,25,39590,18,0,0,0
1,36,45,4,16,3,25,39600,18,0,0,0
1,38,45,4,16,3,25,39610,18,0,0,0
1,37,45,4,16,3,25,39620,18,0,0,0
1,37,45,4,16,3,25,39630,18,0,0,0
1,37,45,4,16,3,25,39640,18,0,0,0
1,38,45,4,16,3,25,39650,18,0,0,0
1,38,45,4,16,3,25,39660,18,0,0,0
1,39,45,4,16,3,25,39670,18,0,0,0
1,38,45,4,16,3,25,39680,18,0,0,0
1,38,45,4,16,3,25,39690,18,0,0,0
1,38,45,5,16,3,25,39700,18,0,0,0
1,37,45,4,16,3,25,39710,18,0,0,0
1,37,45,4,16,3,25,39720,18,0,0,0
1,39,45,6,16,3,25,39730,18,0,0,0
1,37,45,4,16,3,25,39740,18,0,0,0
1,37,45,4,16,3,25,39750,18,0,0,0
1,36,45,4,16,3,25,39760,18,0,0,0
1,38,45,4,16,3,25,39770,18,0,0,0
1,37,45,4,16,3,25,39780,18,0,0,0
1,39,45,4,16,3,25,39790,18,0,0,0
1,38,45,4,16,3,25,39800,18,0,0,0
1,37,45,4,16,3,25,39810,18,0,0,0
1,37,45,5,16,3,25,39820,18,0,0,0
1,38,45,5,16,3,25,39830,18,0,0,0
1,38,45,5,16,3,25,39840,18,0,0,0
1,38,45,4,16,3,25,39850,18,0,0,0
1,38,45,5,16,3,25,39860,18,0,0,0
1,38,45,5,16,3,25,39870,18,0,0,0
1,38,45,4,16,3,25,39880,18,0,0,0
1,38,45,5,16,3,25,39890,18,0,0,0
1,38,45,4,16,3,25,39900,18,0,0,0
1,39,45,4,16,3,25,39910,18,0,0,0
1,38,45,4,16,3,25,39920,18,0,0,0
1,37,45,4,16,3,25,39930,18,0,0,0
1,38,45,4,16,3,25,39940,18,0,0,0
1,38,45,5,16,3,25,39950,18,0,0,0
1,38,45,6,16,3,25,39960,18,0,0,0
1,38,45,4,16,3,25,39970,18,0,0,0
1,37,45,5,16,3,25,39980,18,0,0,0
1,38,45,4,16,3,25,39990,18,0,0,0
1,38,45,4,16,3,25,40000,18,0,0,0
1,38,45,4,16,3,25,40010,18,0,0,0
1,37,45,4,16,3,25,40020,18,0,0,0
1,38,45,5,16,3,25,40030,18,0,0,0
1,38,45,5,16,3,25,40040,18,0,0,0
1,38,45,4,16,3,25,40050,18,0,0,0
1,37,45,4,16,3,25,40060,18,0,0,0
1,38,45,4,16,3,25,40070,18,0,0,0
1,37,45,4,16,3,25,40080,18,0,0,0
1,39,45,5,16,3,25,40090,18,0,0,0
1,37,45,5,16,3,25,40100,18,0,0,0
1,37,45,5,16,3,25,40110,18,0,0,0
1,37,45,5,16,3,25,40120,18,0,0,0
1,38,45,4,16,3,25,40130,18,0,0,0
1,37,45,4,16,3,25,40140,18,0,0,0
1,39,45,5,16,3,25,40150,18,0,0,0
1,37,45,4,16,3,25,40160,18,0,0,0
1,37,45,4,16,3,25,40170,18,0,0,0
1,37,45,4,16,3,25,40180,18,0,0,0
1,36,45,4,16,3,25,40190,18,0,0,0
1,36,45,4,16,3,25,40200,18,0,0,0
1,37,45,4,16,3,25,40210,18,0,0,0
1,37,45,4,16,3,25,40220,18,0,0,0
1,36,45,4,16,3,25,40230,18,0,0,0
1,36,45,4,16,3,25,40240,18,0,0,0
1,36,45,4,16,3,25,40250,18,0,0,0
1,38,45,4,16,3,25,40260,18,0,0,0
1,37,45,4,16,3,25,40270,18,0,0,0
1,37,45,4,16,3,25,40280,18,0,0,0
1,38,45,4,16,3,25,40290,18,0,0,0
1,36,45,4,16,3,25,40300,18,0,0,0
1,36,45,4,16,3,25,40310,18,0,0,0
1,36,45,4,16,3,25,40320,18,0,0,0
1,36,45,4,16,3,25,40330,18,0,0,0
1,37,45,4,16,3,25,40340,18,0,0,0
1,35,45,4,16,3,25,40350,18,0,0,0
1,36,45,4,16,3,25,40360,18,0,0,0
1,36,45,4,16,3,25,40370,18,0,0,0
1,36,45,4,16,3,25,40380,18,0,0,0
1,37,45,4,16,3,25,40390,18,0,0,0
1,36,45,4,16,3,25,40400,18,0,0,0
1,35,45,4,16,3,25,40410,18,0,0,0
1,35,45,4,16,3,25,40420,18,0,0,0
1,36,45,4,16,3,25,40430,18,0,0,0
1,35,45,4,16,3,25,40440,18,0,0,0
1,36,45,4,16,3,25,40450,18,0,0,0
1,35,45,4,16,3,25,40460,18,0,0,0
1,35,45,4,16,3,25,40470,18,0,0,0
1,34,45,4,16,3,25,40480,18,0,0,0
1,35,45,4,16,3,25,40490,18,0,0,0
1,35,45,4,16,3,25,40500,18,0,0,0
1,36,45,4,16,3,25,40510,18,0,0,0
1,35,45,4,16,3,25,40520,18,0,0,0
1,34,45,4,16,3,25,40530,18,0,0,0
1,34,45,4,16,3,25,40540,18,0,0,0
1,34,45,4,16,3,25,40550,18,0,0,0
1,35,45,4,16,3,25,40560,18,0,0,0
1,36,45,4,16,3,25,40570,18,0,0,0
1,35,45,6,16,3,25,40580,18,0,0,0
1,36,45,4,16,3,25,40590,18,0,0,0
1,35,45,4,16,3,25,40600,18,0,0,0
1,36,45,5,16,3,25,40610,18,0,0,0
1,35,45,5,16,3,25,40620,18,0,0,0
1,36,45,4,16,3,25,40630,18,0,0,0
1,36,45,5,16,3,25,40640,18,0,0,0
1,35,45,6,16,3,25,40650,18,0,0,0
1,36,45,5,16,3,25,40660,18,0,0,0
1,35,45,4,16,3,25,40670,18,0,0,0
1,35,45,5,16,3,25,40680,18,0,0,0
1,36,45,4,16,3,25,40690,18,0,0,0
1,35,45,5,16,3,25,40700,18,0,0,0
1,34,45,5,16,3,25,40710,18,0,0,0
1,34,45,5,16,3,25,40720,18,0,0,0
1,34,45,5,16,3,25,40730,18,0,0,0
1,34,45,5,16,3,25,40740,18,0,0,0
1,35,45,5,16,3,25,40750,18,0,0,0
1,35,45,5,16,3,25,40760,18,0,0,0
1,34,45,5,16,3,25,40770,18,0,0,0
1,34,45,5,16,3,25,40780,18,0,0,0
1,36,45,5,16,3,25,40790,18,0,0,0
1,34,45,5,16,3,25,40800,18,0,0,0
1,35,45,5,16,3,25,40810,18,0,0,0
1,34,45,5,16,3,25,40820,18,0,0,0
1,35,45,5,16,3,25,40830,18,0,0,0
1,35,45,5,16,3,25,40840,18,0,0,0
1,34,45,5,16,3,25,40850,18,0,0,0
1,35,45,5,16,3,25,40860,18,0,0,0
1,37,45,4,16,3,25,40870,18,0,0,0
1,35,45,5,16,3,25,40880,18,0,0,0
1,35,45,5,16,3,25,40890,18,0,0,0
1,35,45,5,16,3,25,40900,18,0,0,0
1,35,45,4,16,3,25,40910,18,0,0,0
1,34,45,5,16,3,25,40920,18,0,0,0
1,36,45,5,16,3,25,40930,18,0,0,0
1,35,45,5,16,3,25,40940,18,0,0,0
1,35,45,4,16,3,25,40950,18,0,0,0
1,35,45,4,16,3,25,40960,18,0,0,0
1,35,45,4,16,3,25,40970,18,0,0,0
1,35,45,4,16,3,25,40980,18,0,0,0
1,36,45,5,16,3,25,40990,18,0,0,0
1,36,45,5,16,3,25,41000,18,0,0,0
1,36,45,5,16,3,25,41010,18,0,0,0
1,34,45,4,16,3,25,41020,18,0,0,0
1,35,45,4,16,3,25,41030,18,0,0,0
1,35,45,4,16,3,25,41040,18,0,0,0
1,36,45,4,16,3,25,41050,18,0,0,0
1,34,45,4,16,3,25,41060,18,0,0,0
1,35,45,4,16,3,25,41070,18,0,0,0
1,35,45,4,16,3,25,41080,18,0,0,0
1,35,45,4,16,3,25,41090,18,0,0,0
1,34,45,4,16,3,25,41100,18,0,0,0
1,35,45,4,16,3,25,41110,18,0,0,0
1,34,45,4,16,3,25,41120,18,0,0,0
1,34,45,4,16,3,25,41130,18,0,0,0
1,34,45,4,16,3,25,41140,18,0,0,0
1,34,45,4,16,3,25,41150,18,0,0,0
1,33,45,4,16,3,25,41160,18,0,0,0
1,36,45,4,16,3,25,41170,18,0,0,0
1,34,45,4,16,3,25,41180,18,0,0,0
1,34,45,4,16,3,25,41190,18,0,0,0
1,34,45,4,16,3,25,41200,18,0,0,0
1,34,45,4,16,3,25,41210,18,0,0,0
1,35,45,4,16,3,25,41220,18,0,0,0
1,35,45,4,16,3,25,41230,18,0,0,0
1,35,45,4,16,3,25,41240,18,0,0,0
1,34,45,4,16,3,25,41250,18,0,0,0
1,35,45,4,16,3,25,41260,18,0,0,0
1,35,45,4,16,3,25,41270,18,0,0,0
1,35,45,5,16,3,25,41280,18,0,0,0
1,36,45,5,16,3,25,41290,18,0,0,0
1,35,45,5,16,3,25,41300,18,0,0,0
1,35,45,6,16,3,25,41310,18,0,0,0
1,35,45,4,16,3,25,41320,18,0,0,0
1,35,45,5,16,3,25,41330,18,0,0,0
1,35,45,4,16,3,25,41340,18,0,0,0
1,36,45,4,16,3,25,41350,18,0,0,0
1,35,45,4,16,3,25,41360,18,0,0,0
1,34,45,4,16,3,25,41370,18,0,0,0
1,35,45,5,16,3,25,41380,18,0,0,0
1,33,45,6,16,3,25,41390,18,0,0,0
1,34,45,4,16,3,25,41400,18,0,0,0
1,35,45,6,16,3,25,41410,18,0,0,0
1,34,45,4,16,3,25,41420,18,0,0,0
1,34,45,4,16,3,25,41430,18,0,0,0
1,34,45,4,16,3,25,41440,18,0,0,0
1,35,45,4,16,3,25,41450,18,0,0,0
1,35,45,4,16,3,25,41460,18,0,0,0
1,35,45,4,16,3,25,41470,18,0,0,0
1,35,45,4,16,3,25,41480,18,0,0,0
1,35,45,4,16,3,25,41490,18,0,0,0
1,34,45,4,16,3,25,41500,18,0,0,0
1,35,45,4,16,3,25,41510,18,0,0,0
1,35,45,4,16,3,25,41520,18,0,0,0
1,36,45,4,16,3,25,41530,18,0,0,0
1,35,45,4,16,3,25,41540,18,0,0,0
1,35,45,6,16,3,25,41550,18,0,0,0
1,35,45,6,16,3,25,41560,18,0,0,0
1,35,45,6,16,3,25,41570,18,0,0,0
1,36,45,4,16,3,25,41580,18,0,0,0
1,37,45,4,16,3,25,41590,18,0,0,0
1,36,45,4,16,3,25,41600,18,0,0,0
1,36,45,4,16,3,25,41610,18,0,0,0
1,36,45,4,16,3,25,41620,18,0,0,0
1,35,45,4,16,3,25,41630,18,0,0,0
1,36,45,4,16,3,25,41640,18,0,0,0
1,36,45,4,16,3,25,41650,18,0,0,0
1,35,45,4,16,3,25,41660,18,0,0,0
1,35,45,4,16,3,25,41670,18,0,0,0
1,34,45,4,16,3,25,41680,18,0,0,0
1,35,45,4,16,3,25,41690,18,0,0,0
1,35,45,4,16,3,25,41700,18,0,0,0
1,35,45,4,16,3,25,41710,18,0,0,0
1,35,45,4,16,3,25,41720,18,0,0,0
1,35,45,4,16,3,25,41730,18,0,0,0
1,35,45,4,16,3,25,41740,18,0,0,0
1,34,45,4,16,3,25,41750,18,0,0,0
1,34,45,4,16,3,25,41760,18,0,0,0
1,36,45,4,16,3,25,41770,18,0,0,0
1,35,45,4,16,3,25,41780,18,0,0,0
1,34,45,4,16,3,25,41790,18,0,0,0
1,34,45,4,16,3,25,41800,18,0,0,0
1,35,45,4,16,3,25,41810,18,0,0,0
1,35,45,4,16,3,25,41820,18,0,0,0
1,35,45,4,16,3,25,41830,18,0,0,0
1,34,45,4,16,3,25,41840,18,0,0,0
1,34,45,4,16,3,25,41850,18,0,0,0
1,35,45,4,16,3,25,41860,18,0,0,0
1,35,45,5,16,3,25,41870,18,0,0,0
1,34,45,4,16,3,25,41880,18,0,0,0
1,35,45,4,16,3,25,41890,18,0,0,0
1,34,45,4,16,3,25,41900,18,0,0,0
1,34,45,5,16,3,25,41910,18,0,0,0
1,34,45,5,16,3,25,41920,18,0,0,0
1,35,45,5,16,3,25,41930,18,0,0,0
1,35,45,4,16,3,25,41940,18,0,0,0
1,36,45,4,16,3,25,41950,18,0,0,0
1,35,45,4,16,3,25,41960,18,0,0,0
1,35,45,4,16,3,25,41970,18,0,0,0
1,37,45,5,16,3,25,41980,18,0,0,0
1,35,45,4,16,3,25,41990,18,0,0,0
1,34,45,4,16,3,25,42000,18,0,0,0
1,35,45,4,16,3,25,42010,18,0,0,0
1,35,45,4,16,3,25,42020,18,0,0,0
1,34,45,4,16,3,25,42030,18,0,0,0
1,35,45,4,16,3,25,42040,18,0,0,0
1,35,45,4,16,3,25,42050,18,0,0,0
1,35,45,4,16,3,25,42060,18,0,0,0
1,36,45,4,16,3,25,42070,18,0,0,0
1,35,45,4,16,3,25,42080,18,0,0,0
1,35,45,4,16,3,25,42090,18,0,0,0
1,36,45,4,16,3,25,42100,18,0,0,0
1,35,45,4,16,3,25,42110,18,0,0,0
1,35,45,4,16,3,25,42120,18,0,0,0
1,35,45,4,16,3,25,42130,18,0,0,0
1,35,45,4,16,3,25,42140,18,0,0,0
1,36,45,4,16,3,25,42150,18,0,0,0
1,36,45,4,16,3,25,42160,18,0,0,0
1,36,45,6,16,3,25,42170,18,0,0,0
1,36,45,4,16,3,25,42180,18,0,0,0
1,37,45,4,16,3,25,42190,18,0,0,0
1,38,45,4,16,3,25,42200,18,0,0,0
1,37,45,4,16,3,25,42210,18,0,0,0
1,38,45,4,16,3,25,42220,18,0,0,0
1,37,45,4,16,3,25,42230,18,0,0,0
1,38,45,5,16,3,25,42240,18,0,0,0
1,38,45,4,16,3,25,42250,18,0,0,0
1,38,45,5,16,3,25,42260,18,0,0,0
1,37,45,4,16,3,25,42270,18,0,0,0
1,38,45,4,16,3,25,42280,18,0,0,0
1,38,45,5,16,3,25,42290,18,0,0,0
1,38,45,5,16,3,25,42300,18,0,0,0
1,39,45,4,16,3,25,42310,18,0,0,0
1,38,45,5,16,3,25,42320,18,0,0,0
1,38,45,4,16,3,25,42330,18,0,0,0
1,38,45,5,16,3,25,42340,18,0,0,0
1,39,45,5,16,3,25,42350,18,0,0,0
1,39,45,4,16,3,25,42360,18,0,0,0
1,39,45,5,16,3,25,42370,18,0,0,0
1,38,45,5,16,3,25,42380,18,0,0,0
1,39,45,4,16,3,25,42390,18,0,0,0
1,38,45,5,16,3,25,42400,18,0,0,0
1,39,45,4,16,3,25,42410,18,0,0,0
1,39,45,4,16,3,25,42420,18,0,0,0
1,39,45,4,16,3,25,42430,18,0,0,0
1,39,45,5,16,3,25,42440,18,0,0,0
1,38,45,4,16,3,25,42450,18,0,0,0
1,38,45,5,16,3,25,42460,18,0,0,0
1,38,45,4,16,3,25,42470,18,0,0,0
1,38,45,4,16,3,25,42480,18,0,0,0
1,39,45,4,16,3,25,42490,18,0,0,0
1,39,45,4,16,3,25,42500,18,0,0,0
1,39,45,5,16,3,25,42510,18,0,0,0
1,39,45,5,16,3,25,42520,18,0,0,0
1,39,45,5,16,3,25,42530,18,0,0,0
1,39,45,4,16,3,25,42540,18,0,0,0
1,38,45,4,16,3,25,42550,18,0,0,0
1,37,45,4,16,3,25,42560,18,0,0,0
1,39,45,4,16,3,25,42570,18,0,0,0
1,38,45,4,16,3,25,42580,18,0,0,0
1,38,45,5,16,3,25,42590,18,0,0,0
1,36,45,4,16,3,25,42600,18,0,0,0
1,39,45,5,16,3,25,42610,18,0,0,0
1,38,45,5,16,3,25,42620,18,0,0,0
1,37,45,4,16,3,25,42630,18,0,0,0
1,38,45,4,16,3,25,42640,18,0,0,0
1,38,45,5,16,3,25,42650,18,0,0,0
1,37,45,5,16,3,25,42660,18,0,0,0
1,39,45,4,16,3,25,42670,18,0,0,0
1,38,45,5,16,3,25,42680,18,0,0,0
1,38,45,4,16,3,25,42690,18,0,0,0
1,38,45,5,16,3,25,42700,18,0,0,0
1,38,45,5,16,3,25,42710,18,0,0,0
1,37,45,4,16,3,25,42720,18,0,0,0
1,38,45,4,16,3,25,42730,18,0,0,0
1,38,45,4,16,3,25,42740,18,0,0,0
1,38,45,4,16,3,25,42750,18,0,0,0
1,37,45,4,16,3,25,42760,18,0,0,0
1,38,45,5,16,3,25,42770,18,0,0,0
1,38,45,4,16,3,25,42780,18,0,0,0
1,39,45,4,16,3,25,42790,18,0,0,0
1,38,45,4,16,3,25,42800,18,0,0,0
1,37,45,4,16,3,25,42810,18,0,0,0
1,38,45,4,16,3,25,42820,18,0,0,0
1,37,45,5,16,3,25,42830,18,0,0,0
1,37,45,4,16,3,25,42840,18,0,0,0
1,38,45,5,16,3,25,42850,18,0,0,0
1,37,45,5,16,3,25,42860,18,0,0,0
1,36,45,5,16,3,25,42870,18,0,0,0
1,36,45,4,16,3,25,42880,18,0,0,0
1,36,45,4,16,3,25,42890,18,0,0,0
1,36,45,4,16,3,25,42900,18,0,0,0
1,38,45,4,16,3,25,42910,18,0,0,0
1,37,45,5,16,3,25,42920,18,0,0,0
1,37,45,4,16,3,25,42930,18,0,0,0
1,37,45,4,16,3,25,42940,18,0,0,0
1,37,45,4,16,3,25,42950,18,0,0,0
1,38,45,5,16,3,25,42960,18,0,0,0
1,39,45,5,16,3,25,42970,18,0,0,0
1,37,45,4,16,3,25,42980,18,0,0,0
1,37,45,5,16,3,25,42990,18,0,0,0
1,39,45,4,16,3,25,43000,18,0,0,0
1,37,45,4,16,3,25,43010,18,0,0,0
1,37,45,4,16,3,25,43020,18,0,0,0
1,40,45,5,16,3,25,43030,18,0,0,0
1,37,45,4,16,3,25,43040,18,0,0,0
1,37,45,4,16,3,25,43050,18,0,0,0
1,38,45,5,16,3,25,43060,18,0,0,0
1,36,45,5,16,3,25,43070,18,0,0,0
1,36,45,4,16,3,25,43080,18,0,0,0
1,39,45,4,16,3,25,43090,18,0,0,0
1,36,45,4,16,3,25,43100,18,0,0,0
1,36,45,5,16,3,25,43110,18,0,0,0
1,36,45,6,16,3,25,43120,18,0,0,0
1,36,45,4,16,3,25,43130,18,0,0,0
1,36,45,4,16,3,25,43140,18,0,0,0
1,37,45,6,16,3,25,43150,18,0,0,0
1,36,45,5,16,3,25,43160,18,0,0,0
1,37,45,5,16,3,25,43170,18,0,0,0
1,37,45,5,16,3,25,43180,18,0,0,0
1,37,45,4,16,3,25,43190,18,0,0,0
1,36,45,4,16,3,25,43200,18,0,0,0
1,38,45,4,16,3,25,43210,18,0,0,0
1,35,45,4,16,3,25,43220,18,0,0,0
1,35,45,4,16,3,25,43230,18,0,0,0
1,35,45,4,16,3,25,43240,18,0,0,0
1,36,45,4,16,3,25,43250,18,0,0,0
1,36,45,4,16,3,25,43260,18,0,0,0
1,38,45,4,16,3,25,43270,18,0,0,0
1,35,45,4,16,3,25,43280,18,0,0,0
1,37,45,4,16,3,25,43290,18,0,0,0
1,36,45,6,16,3,25,43300,18,0,0,0
1,36,45,4,16,3,25,43310,18,0,0,0
1,35,45,4,16,3,25,43320,18,0,0,0
1,35,45,4,16,3,25,43330,18,0,0,0
1,35,45,4,16,3,25,43340,18,0,0,0
1,35,45,4,16,3,25,43350,18,0,0,0
1,35,45,4,16,3,25,43360,18,0,0,0
1,36,45,4,16,3,25,43370,18,0,0,0
1,35,45,4,16,3,25,43380,18,0,0,0
1,36,45,4,16,3,25,43390,18,0,0,0
1,37,45,4,16,3,25,43400,18,0,0,0
1,35,45,4,16,3,25,43410,18,0,0,0
1,35,45,4,16,3,25,43420,18,0,0,0
1,36,45,5,16,3,25,43430,18,0,0,0
1,35,45,4,16,3,25,43440,18,0,0,0
1,36,45,4,16,3,25,43450,18,0,0,0
1,36,45,4,16,3,25,43460,18,0,0,0
1,36,45,4,16,3,25,43470,18,0,0,0
1,36,45,4,16,3,25,43480,18,0,0,0
1,35,45,5,16,3,25,43490,18,0,0,0
1,36,45,4,16,3,25,43500,18,0,0,0
1,36,45,4,16,3,25,43510,18,0,0,0
1,36,45,5,16,3,25,43520,18,0,0,0
1,35,45,4,16,3,25,43530,18,0,0,0
1,35,45,4,16,3,25,43540,18,0,0,0
1,35,45,4,16,3,25,43550,18,0,0,0
1,35,45,4,16,3,25,43560,18,0,0,0
1,36,45,4,16,3,25,43570,18,0,0,0
1,34,45,4,16,3,25,43580,18,0,0,0
1,35,45,4,16,3,25,43590,18,0,0,0
1,34,45,4,16,3,25,43600,18,0,0,0
1,35,45,4,16,3,25,43610,18,0,0,0
1,35,45,4,16,3,25,43620,18,0,0,0
1,36,45,4,16,3,25,43630,18,0,0,0
1,35,45,4,16,3,25,43640,18,0,0,0
1,35,45,4,16,3,25,43650,18,0,0,0
1,34,45,6,16,3,25,43660,18,0,0,0
1,35,45,4,16,3,25,43670,18,0,0,0
1,35,45,4,16,3,25,43680,18,0,0,0
1,35,45,4,16,3,25,43690,18,0,0,0
1,35,45,4,16,3,25,43700,18,0,0,0
1,35,45,5,16,3,25,43710,18,0,0,0
1,35,45,5,16,3,25,43720,18,0,0,0
1,35,45,5,16,3,25,43730,18,0,0,0
1,35,45,4,16,3,25,43740,18,0,0,0
1,35,45,4,16,3,25,43750,18,0,0,0
1,35,45,4,16,3,25,43760,18,0,0,0
1,35,45,4,16,3,25,43770,18,0,0,0
1,35,45,5,16,3,25,43780,18,0,0,0
1,35,45,5,16,3,25,43790,18,0,0,0
1,35,45,4,16,3,25,43800,18,0,0,0
1,35,45,4,16,3,25,43810,18,0,0,0
1,35,45,4,16,3,25,43820,18,0,0,0
1,34,45,4,16,3,25,43830,18,0,0,0
1,34,45,4,16,3,25,43840,18,0,0,0
1,34,45,4,16,3,25,43850,18,0,0,0
1,34,45,4,16,3,25,43860,18,0,0,0
1,34,45,4,16,3,25,43870,18,0,0,0
1,34,45,4,16,3,25,43880,18,0,0,0
1,34,45,4,16,3,25,43890,18,0,0,0
1,34,45,4,16,3,25,43900,18,0,0,0
1,34,45,4,16,3,25,43910,18,0,0,0
1,33,45,4,16,3,25,43920,18,0,0,0
1,34,45,4,16,3,25,43930,18,0,0,0
1,34,45,4,16,3,25,43940,18,0,0,0
1,34,45,4,16,3,25,43950,18,0,0,0
1,35,45,4,16,3,25,43960,18,0,0,0
1,34,45,4,16,3,25,43970,18,0,0,0
1,34,45,4,16,3,25,43980,18,0,0,0
1,37,45,4,16,3,25,43990,18,0,0,0
1,34,45,4,16,3,25,44000,18,0,0,0
1,34,45,4,16,3,25,44010,18,0,0,0
1,34,45,4,16,3,25,44020,18,0,0,0
1,34,45,4,16,3,25,44030,18,0,0,0
1,33,45,4,16,3,25,44040,18,0,0,0
1,35,45,4,16,3,25,44050,18,0,0,0
1,35,45,4,16,3,25,44060,18,0,0,0
1,34,45,4,16,3,25,44070,18,0,0,0
1,35,45,4,16,3,25,44080,18,0,0,0
1,33,45,4,16,3,25,44090,18,0,0,0
1,34,45,4,16,3,25,44100,18,0,0,0
1,36,45,4,16,3,25,44110,18,0,0,0
1,34,45,4,16,3,25,44120,18,0,0,0
1,36,45,4,16,3,25,44130,18,0,0,0
1,35,45,4,16,3,25,44140,18,0,0,0
1,36,45,6,16,3,25,44150,18,0,0,0
1,35,45,4,16,3,25,44160,18,0,0,0
1,36,45,6,16,3,25,44170,18,0,0,0
1,36,45,4,16,3,25,44180,18,0,0,0
1,35,45,4,16,3,25,44190,18,0,0,0
1,36,45,4,16,3,25,44200,18,0,0,0
1,35,45,4,16,3,25,44210,18,0,0,0
1,34,45,4,16,3,25,44220,18,0,0,0
1,37,45,6,16,3,25,44230,18,0,0,0
1,37,45,4,16,3,25,44240,18,0,0,0
1,36,45,4,16,3,25,44250,18,0,0,0
1,36,45,4,16,3,25,44260,18,0,0,0
1,37,45,4,16,3,25,44270,18,0,0,0
1,36,45,4,16,3,25,44280,18,0,0,0
1,37,45,4,16,3,25,44290,18,0,0,0
1,35,45,4,16,3,25,44300,18,0,0,0
1,36,45,5,16,3,25,44310,18,0,0,0
1,36,45,5,16,3,25,44320,18,0,0,0
1,36,45,4,16,3,25,44330,18,0,0,0
1,36,45,4,16,3,25,44340,18,0,0,0
1,36,45,4,16,3,25,44350,18,0,0,0
1,36,45,5,16,3,25,44360,18,0,0,0
1,37,45,5,16,3,25,44370,18,0,0,0
1,36,45,5,16,3,25,44380,18,0,0,0
1,36,45,4,16,3,25,44390,18,0,0,0
1,35,45,4,16,3,25,44400,18,0,0,0
1,37,45,4,16,3,25,44410,18,0,0,0
1,36,45,4,16,3,25,44420,18,0,0,0
1,36,45,4,16,3,25,44430,18,0,0,0
1,35,45,4,16,3,25,44440,18,0,0,0
1,37,45,4,16,3,25,44450,18,0,0,0
1,38,45,4,16,3,25,44460,18,0,0,0
1,37,45,4,16,3,25,44470,18,0,0,0
1,37,45,4,16,3,25,44480,18,0,0,0
1,36,45,4,16,3,25,44490,18,0,0,0
1,36,45,6,16,3,25,44500,18,0,0,0
1,36,45,4,16,3,25,44510,18,0,0,0
1,37,45,4,16,3,25,44520,18,0,0,0
1,38,45,4,16,3,25,44530,18,0,0,0
1,36,45,4,16,3,25,44540,18,0,0,0
1,35,45,4,16,3,25,44550,18,0,0,0
1,35,45,4,16,3,25,44560,18,0,0,0
1,36,45,4,16,3,25,44570,18,0,0,0
1,36,45,4,16,3,25,44580,18,0,0,0
1,37,45,4,16,3,25,44590,18,0,0,0
1,36,45,4,16,3,25,44600,18,0,0,0
1,36,45,4,16,3,25,44610,18,0,0,0
1,36,45,4,16,3,25,44620,18,0,0,0
1,36,45,4,16,3,25,44630,18,0,0,0
1,36,45,4,16,3,25,44640,18,0,0,0
1,39,45,6,16,3,25,44650,18,0,0,0
1,36,45,4,16,3,25,44660,18,0,0,0
1,36,45,4,16,3,25,44670,18,0,0,0
1,36,45,4,16,3,25,44680,18,0,0,0
1,37,45,4,16,3,25,44690,18,0,0,0
1,35,45,4,16,3,25,44700,18,0,0,0
1,37,45,4,16,3,25,44710,18,0,0,0
1,37,45,4,16,3,25,44720,18,0,0,0
1,36,45,4,16,3,25,44730,18,0,0,0
1,37,45,4,16,3,25,44740,18,0,0,0
1,37,45,4,16,3,25,44750,18,0,0,0
1,36,45,4,16,3,25,44760,18,0,0,0
1,37,45,4,16,3,25,44770,18,0,0,0
1,37,45,4,16,3,25,44780,18,0,0,0
1,37,45,4,16,3,25,44790,18,0,0,0
1,37,45,4,16,3,25,44800,18,0,0,0
1,37,45,4,16,3,25,44810,18,0,0,0
1,36,45,4,16,3,25,44820,18,0,0,0
1,37,45,4,16,3,25,44830,18,0,0,0
1,36,45,5,16,3,25,44840,18,0,0,0
1,36,45,4,16,3,25,44850,18,0,0,0
1,37,45,4,16,3,25,44860,18,0,0,0
1,37,45,4,16,3,25,44870,18,0,0,0
1,37,45,4,16,3,25,44880,18,0,0,0
1,37,45,5,16,3,25,44890,18,0,0,0
1,37,45,5,16,3,25,44900,18,0,0,0
1,37,45,5,16,3,25,44910,18,0,0,0
1,36,45,5,16,3,25,44920,18,0,0,0
1,36,45,5,16,3,25,44930,18,0,0,0
1,38,45,4,16,3,25,44940,18,0,0,0
1,37,45,4,16,3,25,44950,18,0,0,0
1,37,45,4,16,3,25,44960,18,0,0,0
1,38,45,4,16,3,25,44970,18,0,0,0
1,38,45,5,16,3,25,44980,18,0,0,0
1,37,45,5,16,3,25,44990,18,0,0,0
1,37,45,4,16,3,25,45000,18,0,0,0
1,38,45,4,16,3,25,45010,18,0,0,0
1,37,45,4,16,3,25,45020,18,0,0,0
1,37,45,4,16,3,25,45030,18,0,0,0
1,36,45,4,16,3,25,45040,18,0,0,0
1,36,45,4,16,3,25,45050,18,0,0,0
1,36,45,4,16,3,25,45060,18,0,0,0
1,38,45,4,16,3,25,45070,18,0,0,0
1,37,45,4,16,3,25,45080,18,0,0,0
1,37,45,4,16,3,25,45090,18,0,0,0
1,35,45,4,16,3,25,45100,18,0,0,0
1,36,45,4,16,3,25,45110,18,0,0,0
1,36,45,4,16,3,25,45120,18,0,0,0
1,37,45,4,16,3,25,45130,18,0,0,0
1,36,45,4,16,3,25,45140,18,0,0,0
1,36,45,4,16,3,25,45150,18,0,0,0
1,36,45,4,16,3,25,45160,18,0,0,0
1,36,45,4,16,3,25,45170,18,0,0,0
1,36,45,4,16,3,25,45180,18,0,0,0
1,37,45,4,16,3,25,45190,18,0,0,0
1,36,45,4,16,3,25,45200,18,0,0,0
1,37,45,4,16,3,25,45210,18,0,0,0
1,36,45,4,16,3,25,45220,18,0,0,0
1,36,45,4,16,3,25,45230,18,0,0,0
1,36,45,4,16,3,25,45240,18,0,0,0
1,37,45,4,16,3,25,45250,18,0,0,0
1,36,45,4,16,3,25,45260,18,0,0,0
1,35,45,4,16,3,25,45270,18,0,0,0
1,36,45,4,16,3,25,45280,18,0,0,0
1,36,45,4,16,3,25,45290,18,0,0,0
1,36,45,4,16,3,25,45300,18,0,0,0
1,36,45,4,16,3,25,45310,18,0,0,0
1,36,45,4,16,3,25,45320,18,0,0,0
1,36,45,4,16,3,25,45330,18,0,0,0
1,36,45,4,16,3,25,45340,18,0,0,0
1,36,45,4,16,3,25,45350,18,0,0,0
1,36,45,4,16,3,25,45360,18,0,0,0
1,37,45,4,16,3,25,45370,18,0,0,0
1,36,45,4,16,3,25,45380,18,0,0,0
1,36,45,4,16,3,25,45390,18,0,0,0
1,36,45,6,16,3,25,45400,18,0,0,0
1,36,45,4,16,3,25,45410,18,0,0,0
1,36,45,4,16,3,25,45420,18,0,0,0
1,37,45,4,16,3,25,45430,18,0,0,0
1,36,45,4,16,3,25,45440,18,0,0,0
1,36,45,4,16,3,25,45450,18,0,0,0
1,37,45,5,16,3,25,45460,18,0,0,0
1,36,45,5,16,3,25,45470,18,0,0,0
1,36,45,4,16,3,25,45480,18,0,0,0
1,38,45,4,16,3,25,45490,18,0,0,0
1,37,45,5,16,3,25,45500,18,0,0,0
1,37,45,5,16,3,25,45510,18,0,0,0
1,37,45,5,16,3,25,45520,18,0,0,0
1,36,45,5,16,3,25,45530,18,0,0,0
1,36,45,5,16,3,25,45540,18,0,0,0
1,37,45,5,16,3,25,45550,18,0,0,0
1,37,45,5,16,3,25,45560,18,0,0,0
1,36,45,5,16,3,25,45570,18,0,0,0
1,36,45,5,16,3,25,45580,18,0,0,0
1,37,45,5,16,3,25,45590,18,0,0,0
1,37,45,5,16,3,25,45600,18,0,0,0
1,37,45,5,16,3,25,45610,18,0,0,0
1,37,45,5,16,3,25,45620,18,0,0,0
1,37,45,5,16,3,25,45630,18,0,0,0
1,37,45,5,16,3,25,45640,18,0,0,0
1,36,45,5,16,3,25,45650,18,0,0,0
1,37,45,5,16,3,25,45660,18,0,0,0
1,38,45,4,16,3,25,45670,18,0,0,0
1,37,45,4,16,3,25,45680,18,0,0,0
1,36,45,4,16,3,25,45690,18,0,0,0
1,36,45,4,16,3,25,45700,18,0,0,0
1,36,45,4,16,3,25,45710,18,0,0,0
1,36,45,4,16,3,25,45720,18,0,0,0
1,37,45,4,16,3,25,45730,18,0,0,0
1,36,45,4,16,3,25,45740,18,0,0,0
1,35,45,4,16,3,25,45750,18,0,0,0
1,36,45,4,16,3,25,45760,18,0,0,0
1,36,45,4,16,3,25,45770,18,0,0,0
1,35,45,4,16,3,25,45780,18,0,0,0
1,37,45,4,16,3,25,45790,18,0,0,0
1,36,45,4,16,3,25,45800,18,0,0,0
1,36,45,4,16,3,25,45810,18,0,0,0
1,35,45,4,16,3,25,45820,18,0,0,0
1,37,45,4,16,3,25,45830,18,0,0,0
1,37,45,4,16,3,25,45840,18,0,0,0
1,38,45,4,16,3,25,45850,18,0,0,0
1,37,45,4,16,3,25,45860,18,0,0,0
1,36,45,4,16,3,25,45870,18,0,0,0
1,37,45,4,16,3,25,45880,18,0,0,0
1,37,45,4,16,3,25,45890,18,0,0,0
1,36,45,4,16,3,25,45900,18,0,0,0
1,38,45,4,16,3,25,45910,18,0,0,0
1,37,45,5,16,3,25,45920,18,0,0,0
1,37,45,4,16,3,25,45930,18,0,0,0
1,37,45,4,16,3,25,45940,18,0,0,0
1,37,45,4,16,3,25,45950,18,0,0,0
1,37,45,4,16,3,25,45960,18,0,0,0
1,38,45,4,16,3,25,45970,18,0,0,0
1,37,45,4,16,3,25,45980,18,0,0,0
1,36,45,4,16,3,25,45990,18,0,0,0
1,37,45,4,16,3,25,46000,18,0,0,0
1,38,45,4,16,3,25,46010,18,0,0,0
1,36,45,4,16,3,25,46020,18,0,0,0
1,37,45,4,16,3,25,46030,18,0,0,0
1,38,45,4,16,3,25,46040,18,0,0,0
1,36,45,4,16,3,25,46050,18,0,0,0
1,36,45,4,16,3,25,46060,18,0,0,0
1,38,45,4,16,3,25,46070,18,0,0,0
1,37,45,4,16,3,25,46080,18,0,0,0
1,38,45,4,16,3,25,46090,18,0,0,0
1,37,45,4,16,3,25,46100,18,0,0,0
1,37,45,5,16,3,25,46110,18,0,0,0
1,37,45,5,16,3,25,46120,18,0,0,0
1,37,45,5,16,3,25,46130,18,0,0,0
1,37,45,4,16,3,25,46140,18,0,0,0
1,39,45,4,16,3,25,46150,18,0,0,0
1,38,45,5,16,3,25,46160,18,0,0,0
1,39,45,4,16,3,25,46170,18,0,0,0
1,38,45,4,16,3,25,46180,18,0,0,0
1,38,45,5,16,3,25,46190,18,0,0,0
1,37,45,4,16,3,25,46200,18,0,0,0
1,38,45,4,16,3,25,46210,18,0,0,0
1,38,45,4,16,3,25,46220,18,0,0,0
1,37,45,4,16,3,25,46230,18,0,0,0
1,37,45,5,16,3,25,46240,18,0,0,0
1,37,45,4,16,3,25,46250,18,0,0,0
1,38,45,4,16,3,25,46260,18,0,0,0
1,38,45,4,16,3,25,46270,18,0,0,0
1,37,45,5,16,3,25,46280,18,0,0,0
1,37,45,4,16,3,25,46290,18,0,0,0
1,38,45,4,16,3,25,46300,18,0,0,0
1,38,45,5,16,3,25,46310,18,0,0,0
1,39,45,5,16,3,25,46320,18,0,0,0
1,39,45,5,16,3,25,46330,18,0,0,0
1,39,45,5,16,3,25,46340,18,0,0,0
1,39,45,5,16,3,25,46350,18,0,0,0
1,39,45,5,16,3,25,46360,18,0,0,0
1,38,45,5,16,3,25,46370,18,0,0,0
1,39,45,5,16,3,25,46380,18,0,0,0
1,40,45,5,16,3,25,46390,18,0,0,0
1,39,45,5,16,3,25,46400,18,0,0,0
1,39,45,5,16,3,25,46410,18,0,0,0
1,40,45,5,16,3,25,46420,18,0,0,0
1,40,45,5,16,3,25,46430,18,0,0,0
1,40,45,5,16,3,25,46440,18,0,0,0
1,40,45,5,16,3,25,46450,18,0,0,0
1,40,45,5,16,3,25,46460,18,0,0,0
1,39,45,5,16,3,25,46470,18,0,0,0
1,39,45,5,16,3,25,46480,18,0,0,0
1,41,45,5,16,3,25,46490,18,0,0,0
1,39,45,5,16,3,25,46500,18,0,0,0
1,41,45,5,16,3,25,46510,18,0,0,0
1,40,45,5,16,3,25,46520,18,0,0,0
1,41,45,5,16,3,25,46530,18,0,0,0
1,40,45,5,16,3,25,46540,18,0,0,0
1,40,45,5,16,3,25,46550,18,0,0,0
1,41,45,5,16,3,25,46560,18,0,0,0
1,42,45,5,16,3,25,46570,18,0,0,0
1,41,45,5,16,3,25,46580,18,0,0,0
1,40,45,5,16,3,25,46590,18,0,0,0
1,41,45,5,16,3,25,46600,18,0,0,0
1,42,45,5,16,3,25,46610,18,0,0,0
1,40,45,5,16,3,25,46620,18,0,0,0
1,40,45,5,16,3,25,46630,18,0,0,0
1,42,45,5,16,3,25,46640,18,0,0,0
1,39,45,5,16,3,25,46650,18,0,0,0
1,40,45,5,16,3,25,46660,18,0,0,0
1,41,45,5,16,3,25,46670,18,0,0,0
1,39,45,5,16,3,25,46680,18,0,0,0
1,40,45,5,16,3,25,46690,18,0,0,0
1,40,45,5,16,3,25,46700,18,0,0,0
1,39,45,5,16,3,25,46710,18,0,0,0
1,41,45,5,16,3,25,46720,18,0,0,0
1,40,45,5,16,3,25,46730,18,0,0,0
1,38,45,5,16,3,25,46740,18,0,0,0
1,40,45,5,16,3,25,46750,18,0,0,0
1,39,45,5,16,3,25,46760,18,0,0,0
1,40,45,5,16,3,25,46770,18,0,0,0
1,39,45,5,16,3,25,46780,18,0,0,0
1,39,45,5,16,3,25,46790,18,0,0,0
1,39,45,5,16,3,25,46800,18,0,0,0
1,40,45,5,16,3,25,46810,18,0,0,0
1,39,45,5,16,3,25,46820,18,0,0,0
1,39,45,5,16,3,25,46830,18,0,0,0
1,38,45,5,16,3,25,46840,18,0,0,0
1,39,45,5,16,3,25,46850,18,0,0,0
1,39,45,5,16,3,25,46860,18,0,0,0
1,41,45,5,16,3,25,46870,18,0,0,0
1,39,45,5,16,3,25,46880,18,0,0,0
1,40,45,5,16,3,25,46890,18,0,0,0
1,40,45,5,16,3,25,46900,18,0,0,0
1,42,45,5,16,3,25,46910,18,0,0,0
1,41,45,5,16,3,25,46920,18,0,0,0
1,40,45,5,16,3,25,46930,18,0,0,0
1,40,45,5,16,3,25,46940,18,0,0,0
1,40,45,5,16,3,25,46950,18,0,0,0
1,39,45,6,16,3,25,46960,18,0,0,0
1,39,45,5,16,3,25,46970,18,0,0,0
1,40,45,5,16,3,25,46980,18,0,0,0
1,40,45,5,16,3,25,46990,18,0,0,0
1,39,45,5,16,3,25,47000,18,0,0,0
1,38,45,5,16,3,25,47010,18,0,0,0
1,39,45,5,16,3,25,47020,18,0,0,0
1,39,45,5,16,3,25,47030,18,0,0,0
1,40,45,5,16,3,25,47040,18,0,0,0
1,39,45,5,16,3,25,47050,18,0,0,0
1,40,45,5,16,3,25,47060,18,0,0,0
1,40,45,5,16,3,25,47070,18,0,0,0
1,42,45,5,16,3,25,47080,18,0,0,0
1,41,45,5,16,3,25,47090,18,0,0,0
1,41,45,5,16,3,25,47100,18,0,0,0
1,43,45,5,16,4,25,47110,18,0,0,0
1,41,45,5,16,3,25,47120,18,0,0,0
1,41,45,5,16,3,25,47130,18,0,0,0
1,42,45,5,16,3,25,47140,18,0,0,0
1,40,45,5,16,3,25,47150,18,0,0,0
1,41,45,5,16,3,25,47160,18,0,0,0
1,42,45,5,16,3,25,47170,18,0,0,0
1,40,45,5,16,3,25,47180,18,0,0,0
1,40,45,5,16,3,25,47190,18,0,0,0
1,42,45,5,16,3,25,47200,18,0,0,0
1,42,45,5,16,4,25,47210,18,0,0,0
1,41,45,5,16,4,25,47220,18,0,0,0
1,44,45,5,16,4,25,47230,18,0,0,0
1,41,45,5,16,4,25,47240,18,0,0,0
1,42,45,5,16,4,25,47250,18,0,0,0
1,44,45,5,16,4,25,47260,18,0,0,0
1,43,45,5,16,4,25,47270,18,0,0,0
1,42,45,5,16,4,25,47280,18,0,0,0
1,45,45,5,16,4,25,47290,18,0,0,0
1,42,45,5,16,4,25,47300,18,0,0,0
1,42,45,5,16,4,25,47310,18,0,0,0
1,43,45,5,16,4,25,47320,18,0,0,0
1,42,45,5,16,4,25,47330,18,0,0,0
1,42,45,5,16,4,25,47340,18,0,0,0
1,43,45,5,16,4,25,47350,18,0,0,0
1,42,45,5,16,4,25,47360,18,0,0,0
1,42,45,5,16,4,25,47370,18,0,0,0
1,42,45,5,16,4,25,47380,18,0,0,0
1,41,45,5,16,4,25,47390,18,0,0,0
1,42,45,5,16,4,25,47400,18,0,0,0
1,43,45,5,16,4,25,47410,18,0,0,0
1,42,45,5,16,4,25,47420,18,0,0,0
1,41,45,5,16,4,25,47430,18,0,0,0
1,42,45,5,16,4,25,47440,18,0,0,0
1,41,45,5,16,4,25,47450,18,0,0,0
1,42,45,5,16,4,25,47460,18,0,0,0
1,42,45,5,16,4,25,47470,18,0,0,0
1,41,45,5,16,4,25,47480,18,0,0,0
1,41,45,5,16,4,25,47490,18,0,0,0
1,41,45,5,16,3,25,47500,18,0,0,0
1,42,45,5,16,4,25,47510,18,0,0,0
1,42,45,5,16,4,25,47520,18,0,0,0
1,42,45,5,16,4,25,47530,18,0,0,0
1,41,45,5,16,4,25,47540,18,0,0,0
1,41,45,5,16,4,25,47550,18,0,0,0
1,41,45,5,16,4,25,47560,18,0,0,0
1,42,45,5,16,4,25,47570,18,0,0,0
1,42,45,5,16,3,25,47580,18,0,0,0
1,42,45,5,16,4,25,47590,18,0,0,0
1,41,45,5,16,4,25,47600,18,0,0,0
1,41,45,5,16,4,25,47610,18,0,0,0
1,42,45,5,16,4,25,47620,18,0,0,0
1,42,45,5,16,3,25,47630,18,0,0,0
1,41,45,5,16,3,25,47640,18,0,0,0
1,43,45,5,16,4,25,47650,18,0,0,0
1,42,45,5,16,4,25,47660,18,0,0,0
1,41,45,5,16,4,25,47670,18,0,0,0
1,42,45,5,16,4,25,47680,18,0,0,0
1,44,45,5,16,4,25,47690,18,0,0,0
1,42,45,5,16,4,25,47700,18,0,0,0
1,41,45,6,16,4,25,47710,18,0,0,0
1,43,45,5,16,4,25,47720,18,0,0,0
1,41,45,5,16,4,25,47730,18,0,0,0
1,42,45,5,16,4,25,47740,18,0,0,0
1,42,45,5,16,4,25,47750,18,0,0,0
1,41,45,5,16,4,25,47760,18,0,0,0
1,42,45,5,16,4,25,47770,18,0,0,0
1,42,45,5,16,4,25,47780,18,0,0,0
1,42,45,5,16,4,25,47790,18,0,0,0
1,42,45,5,16,4,25,47800,18,0,0,0
1,42,45,5,16,4,25,47810,18,0,0,0
1,42,45,5,16,4,25,47820,18,0,0,0
1,45,45,5,16,4,25,47830,18,0,0,0
1,43,45,5,16,4,25,47840,18,0,0,0
1,43,45,5,16,4,25,47850,18,0,0,0
1,42,45,5,16,3,25,47860,18,0,0,0
1,42,45,5,16,4,25,47870,18,0,0,0
1,42,45,5,16,4,25,47880,18,0,0,0
1,44,45,5,16,4,25,47890,18,0,0,0
1,43,45,5,16,4,25,47900,18,0,0,0
1,43,45,5,16,4,25,47910,18,0,0,0
1,42,45,5,16,4,25,47920,18,0,0,0
1,43,45,5,16,4,25,47930,18,0,0,0
1,42,45,5,16,4,25,47940,18,0,0,0
1,43,45,5,16,4,25,47950,18,0,0,0
1,42,45,5,16,4,25,47960,18,0,0,0
1,42,45,5,16,3,25,47970,18,0,0,0
1,43,45,5,16,4,25,47980,18,0,0,0
1,43,45,5,16,4,25,47990,18,0,0,0
1,42,45,5,16,4,25,48000,18,0,0,0
1,44,45,5,16,4,25,48010,18,0,0,0
1,42,45,5,16,4,25,48020,18,0,0,0
1,42,45,5,16,4,25,48030,18,0,0,0
1,43,45,5,16,4,25,48040,18,0,0,0
1,43,45,5,16,4,25,48050,18,0,0,0
1,42,45,5,16,4,25,48060,18,0,0,0
1,43,45,5,16,4,25,48070,18,0,0,0
1,42,45,5,16,4,25,48080,18,0,0,0
1,42,45,5,16,4,25,48090,18,0,0,0
1,42,45,5,16,4,25,48100,18,0,0,0
1,43,45,5,16,4,25,48110,18,0,0,0
1,43,45,5,16,4,25,48120,18,0,0,0
1,44,45,5,16,4,25,48130,18,0,0,0
1,43,45,5,16,4,25,48140,18,0,0,0
1,43,45,5,16,4,25,48150,18,0,0,0
1,44,45,5,16,4,25,48160,18,0,0,0
1,43,45,5,16,4,25,48170,18,0,0,0
1,44,45,5,16,4,25,48180,18,0,0,0
1,44,45,5,16,4,25,48190,18,0,0,0
1,43,45,5,16,4,25,48200,18,0,0,0
1,42,45,5,16,3,25,48210,18,0,0,0
1,45,45,5,16,4,25,48220,18,0,0,0
1,44,45,5,16,4,25,48230,18,0,0,0
1,42,45,5,16,4,25,48240,18,0,0,0
1,43,45,5,16,4,25,48250,18,0,0,0
1,44,45,5,16,4,25,48260,18,0,0,0
1,43,45,5,16,4,25,48270,18,0,0,0
1,41,45,5,16,4,25,48280,18,0,0,0
1,43,45,5,16,4,25,48290,18,0,0,0
1,42,45,5,16,4,25,48300,18,0,0,0
1,43,45,5,16,4,25,48310,18,0,0,0
1,43,45,5,16,4,25,48320,18,0,0,0
1,41,45,5,16,4,25,48330,18,0,0,0
1,43,45,5,16,4,25,48340,18,0,0,0
1,44,45,5,16,4,25,48350,18,0,0,0
1,42,45,5,16,4,25,48360,18,0,0,0
1,43,45,5,16,4,25,48370,18,0,0,0
1,42,45,5,16,4,25,48380,18,0,0,0
1,42,45,5,16,4,25,48390,18,0,0,0
1,42,45,5,16,4,25,48400,18,0,0,0
1,42,45,5,16,4,25,48410,18,0,0,0
1,41,45,5,16,4,25,48420,18,0,0,0
1,43,45,5,16,4,25,48430,18,0,0,0
1,42,45,5,16,4,25,48440,18,0,0,0
1,41,45,5,16,4,25,48450,18,0,0,0
1,42,45,5,16,4,25,48460,18,0,0,0
1,41,45,5,16,4,25,48470,18,0,0,0
1,42,45,5,16,4,25,48480,18,0,0,0
1,43,45,5,16,4,25,48490,18,0,0,0
1,42,45,5,16,4,25,48500,18,0,0,0
1,42,45,6,16,4,25,48510,18,0,0,0
1,42,45,6,16,4,25,48520,18,0,0,0
1,42,45,6,16,4,25,48530,18,0,0,0
1,42,45,5,16,4,25,48540,18,0,0,0
1,44,45,5,16,4,25,48550,18,0,0,0
1,42,45,5,16,4,25,48560,18,0,0,0
1,41,45,5,16,4,25,48570,18,0,0,0
1,41,45,5,16,4,25,48580,18,0,0,0
1,42,45,5,16,4,25,48590,18,0,0,0
1,42,45,5,16,4,25,48600,18,0,0,0
1,42,45,5,16,3,25,48610,18,0,0,0
1,41,45,5,16,4,25,48620,18,0,0,0
1,41,45,5,16,4,25,48630,18,0,0,0
1,42,45,5,16,4,25,48640,18,0,0,0
1,41,45,5,16,4,25,48650,18,0,0,0
1,41,45,5,16,4,25,48660,18,0,0,0
1,42,45,5,16,4,25,48670,18,0,0,0
1,41,45,5,16,4,25,48680,18,0,0,0
1,41,45,5,16,4,25,48690,18,0,0,0
1,42,45,5,16,4,25,48700,18,0,0,0
1,42,45,5,16,4,25,48710,18,0,0,0
1,41,45,5,16,4,25,48720,18,0,0,0
1,43,45,5,16,4,25,48730,18,0,0,0
1,42,45,5,16,4,25,48740,18,0,0,0
1,42,45,5,16,4,25,48750,18,0,0,0
1,42,45,5,16,4,25,48760,18,0,0,0
1,41,45,5,16,4,25,48770,18,0,0,0
1,42,45,5,16,4,25,48780,18,0,0,0
1,41,45,5,16,4,25,48790,18,0,0,0
1,42,45,5,16,4,25,48800,18,0,0,0
1,44,45,5,16,4,25,48810,18,0,0,0
1,42,45,5,16,4,25,48820,18,0,0,0
1,43,45,5,16,4,25,48830,18,0,0,0
1,42,45,5,16,4,25,48840,18,0,0,0
1,43,45,5,16,4,25,48850,18,0,0,0
1,42,45,5,16,4,25,48860,18,0,0,0
1,43,45,5,16,4,25,48870,18,0,0,0
1,41,45,5,16,4,25,48880,18,0,0,0
1,43,45,5,16,3,25,48890,18,0,0,0
1,43,45,5,16,4,25,48900,18,0,0,0
1,43,45,5,16,4,25,48910,18,0,0,0
1,42,45,5,16,4,25,48920,18,0,0,0
1,43,45,5,16,4,25,48930,18,0,0,0
1,42,45,5,16,4,25,48940,18,0,0,0
1,42,45,5,16,4,25,48950,18,0,0,0
1,44,45,5,16,4,25,48960,18,0,0,0
1,43,45,5,16,4,25,48970,18,0,0,0
1,42,45,5,16,4,25,48980,18,0,0,0
1,43,45,5,16,4,25,48990,18,0,0,0
1,41,45,5,16,4,25,49000,18,0,0,0
1,43,45,5,16,4,25,49010,18,0,0,0
1,45,45,5,16,4,25,49020,18,0,0,0
1,44,45,5,16,4,25,49030,18,0,0,0
1,42,45,5,16,4,25,49040,18,0,0,0
1,43,45,5,16,4,25,49050,18,0,0,0
1,43,45,5,16,4,25,49060,18,0,0,0
1,43,45,5,16,4,25,49070,18,0,0,0
1,44,45,5,16,4,25,49080,18,0,0,0
1,44,45,5,16,4,25,49090,18,0,0,0
1,43,45,5,16,4,25,49100,18,0,0,0
1,43,45,6,16,4,25,49110,18,0,0,0
1,43,45,6,16,4,25,49120,18,0,0,0
1,42,45,5,16,4,25,49130,18,0,0,0
1,43,45,5,16,4,25,49140,18,0,0,0
1,43,45,5,16,4,25,49150,18,0,0,0
1,44,45,5,16,4,25,49160,18,0,0,0
1,42,45,6,16,4,25,49170,18,0,0,0
1,43,45,5,16,4,25,49180,18,0,0,0
1,44,45,5,16,4,25,49190,18,0,0,0
1,43,45,5,16,4,25,49200,18,0,0,0
1,43,45,5,16,4,25,49210,18,0,0,0
1,43,45,5,16,4,25,49220,18,0,0,0
1,43,45,5,16,4,25,49230,18,0,0,0
1,42,45,5,16,4,25,49240,18,0,0,0
1,42,45,5,16,4,25,49250,18,0,0,0
1,43,45,5,16,4,25,49260,18,0,0,0
1,44,45,5,16,4,25,49270,18,0,0,0
1,43,45,5,16,4,25,49280,18,0,0,0
1,43,45,5,16,4,25,49290,18,0,0,0
1,44,45,5,16,4,25,49300,18,0,0,0
1,43,45,5,16,4,25,49310,18,0,0,0
1,43,45,5,16,4,25,49320,18,0,0,0
1,44,45,6,16,4,25,49330,18,0,0,0
1,43,45,5,16,4,25,49340,18,0,0,0
1,44,45,5,16,4,25,49350,18,0,0,0
1,43,45,5,16,4,25,49360,18,0,0,0
1,43,45,5,16,4,25,49370,18,0,0,0
1,42,45,5,16,4,25,49380,18,0,0,0
1,43,45,5,16,4,25,49390,18,0,0,0
1,43,45,5,16,4,25,49400,18,0,0,0
1,43,45,5,16,4,25,49410,18,0,0,0
1,44,45,5,16,4,25,49420,18,0,0,0
1,43,45,5,16,4,25,49430,18,0,0,0
1,43,45,5,16,4,25,49440,18,0,0,0
1,44,45,5,16,4,25,49450,18,0,0,0
1,42,45,5,16,4,25,49460,18,0,0,0
1,43,45,7,16,4,25,49470,18,0,0,0
1,44,45,5,16,4,25,49480,18,0,0,0
1,44,45,5,16,4,25,49490,18,0,0,0
1,43,45,5,16,4,25,49500,18,0,0,0
1,44,45,5,16,4,25,49510,18,0,0,0
1,43,45,5,16,4,25,49520,18,0,0,0
1,43,45,5,16,4,25,49530,18,0,0,0
1,45,45,5,16,4,25,49540,18,0,0,0
1,42,45,5,16,4,25,49550,18,0,0,0
1,43,45,5,16,4,25,49560,18,0,0,0
1,46,46,5,16,4,25,49570,18,0,0,0
1,43,46,5,16,4,25,49580,18,0,0,0
1,44,46,5,16,4,25,49590,18,0,0,0
1,45,46,5,16,4,25,49600,18,0,0,0
1,43,46,5,16,4,25,49610,18,0,0,0
1,43,46,5,16,4,25,49620,18,0,0,0
1,44,46,5,16,4,25,49630,18,0,0,0
1,42,46,5,16,4,25,49640,18,0,0,0
1,44,46,5,16,4,25,49650,18,0,0,0
1,44,46,5,16,4,25,49660,18,0,0,0
1,44,46,5,16,4,25,49670,18,0,0,0
1,43,46,5,16,4,25,49680,18,0,0,0
1,44,46,5,16,4,25,49690,18,0,0,0
1,43,46,5,16,4,25,49700,18,0,0,0
1,44,46,5,16,4,25,49710,18,0,0,0
1,43,46,6,16,4,25,49720,18,0,0,0
1,43,46,6,16,4,25,49730,18,0,0,0
1,44,46,5,16,4,25,49740,18,0,0,0
1,44,46,5,16,3,25,49750,18,0,0,0
1,43,46,5,16,4,25,49760,18,0,0,0
1,44,46,5,16,4,25,49770,18,0,0,0
1,43,46,6,16,4,25,49780,18,0,0,0
1,44,46,6,16,4,25,49790,18,0,0,0
1,43,46,5,16,4,25,49800,18,0,0,0
1,44,46,5,16,4,25,49810,18,0,0,0
1,43,46,5,16,4,25,49820,18,0,0,0
1,43,46,5,16,4,25,49830,18,0,0,0
1,43,46,5,16,4,25,49840,18,0,0,0
1,42,46,5,16,4,25,49850,18,0,0,0
1,42,46,5,16,4,25,49860,18,0,0,0
1,44,46,5,16,4,25,49870,18,0,0,0
1,43,46,5,16,4,25,49880,18,0,0,0
1,42,46,5,16,4,25,49890,18,0,0,0
1,44,46,5,16,4,25,49900,18,0,0,0
1,44,46,5,16,4,25,49910,18,0,0,0
1,44,46,5,16,4,25,49920,18,0,0,0
1,44,46,5,16,4,25,49930,18,0,0,0
1,43,46,5,16,4,25,49940,18,0,0,0
1,43,46,5,16,4,25,49950,18,0,0,0
1,42,46,5,16,4,25,49960,18,0,0,0
1,42,46,5,16,4,25,49970,18,0,0,0
1,42,46,5,16,4,25,49980,18,0,0,0
1,44,46,5,16,4,25,49990,18,0,0,0
1,44,46,5,16,4,25,50000,18,0,0,0
1,43,46,5,16,4,25,50010,18,0,0,0
1,43,46,5,16,4,25,50020,18,0,0,0
1,43,46,5,16,4,25,50030,18,0,0,0
1,44,46,5,16,4,25,50040,18,0,0,0
1,44,46,5,16,4,25,50050,18,0,0,0
1,44,46,5,16,4,25,50060,18,0,0,0
1,43,46,5,16,4,25,50070,18,0,0,0
1,43,46,5,16,4,25,50080,18,0,0,0
1,44,46,7,16,4,25,50090,18,0,0,0
1,43,46,5,16,4,25,50100,18,0,0,0
1,45,46,5,16,4,25,50110,18,0,0,0
1,44,46,5,16,4,25,50120,18,0,0,0
1,44,46,5,16,4,25,50130,18,0,0,0
1,44,46,5,16,4,25,50140,18,0,0,0
1,45,46,5,16,4,25,50150,18,0,0,0
1,45,46,5,16,4,25,50160,18,0,0,0
1,45,46,5,16,4,25,50170,18,0,0,0
1,43,46,5,16,4,25,50180,18,0,0,0
1,44,46,5,16,4,25,50190,18,0,0,0
1,43,46,5,16,4,25,50200,18,0,0,0
1,43,46,5,16,4,25,50210,18,0,0,0
1,45,46,5,16,4,25,50220,18,0,0,0
1,44,46,5,16,4,25,50230,18,0,0,0
1,43,46,7,16,4,25,50240,18,0,0,0
1,44,46,5,16,4,25,50250,18,0,0,0
1,44,46,5,16,4,25,50260,18,0,0,0
1,43,46,5,16,4,25,50270,18,0,0,0
1,44,46,5,16,4,25,50280,18,0,0,0
1,44,46,5,16,4,25,50290,18,0,0,0
1,44,46,5,16,4,25,50300,18,0,0,0
1,44,46,6,16,4,25,50310,18,0,0,0
1,42,46,5,16,4,25,50320,18,0,0,0
1,42,46,5,16,4,25,50330,18,0,0,0
1,43,46,5,16,4,25,50340,18,0,0,0
1,43,46,5,16,4,25,50350,18,0,0,0
1,42,46,6,16,3,25,50360,18,0,0,0
1,41,46,6,16,3,25,50370,18,0,0,0
1,41,46,5,16,3,25,50380,18,0,0,0
1,41,46,5,16,3,25,50390,18,0,0,0
1,41,46,7,16,3,25,50400,18,0,0,0
1,42,46,5,16,3,25,50410,18,0,0,0
1,42,46,5,16,3,25,50420,18,0,0,0
1,41,46,5,16,3,25,50430,18,0,0,0
1,41,46,5,16,3,25,50440,18,0,0,0
1,42,46,5,16,3,25,50450,18,0,0,0
1,42,46,5,16,3,25,50460,18,0,0,0
1,42,46,5,16,3,25,50470,18,0,0,0
1,42,46,5,16,3,25,50480,18,0,0,0
1,42,46,5,16,4,25,50490,18,0,0,0
1,41,46,5,16,3,25,50500,18,0,0,0
1,41,46,5,16,3,25,50510,18,0,0,0
1,41,46,5,16,4,25,50520,18,0,0,0
1,42,46,5,16,3,25,50530,18,0,0,0
1,42,46,5,16,3,25,50540,18,0,0,0
1,41,46,6,16,3,25,50550,18,0,0,0
1,41,46,5,16,3,25,50560,18,0,0,0
1,42,46,5,16,3,25,50570,18,0,0,0
1,42,46,5,16,3,25,50580,18,0,0,0
1,42,46,5,16,3,25,50590,18,0,0,0
1,42,46,5,16,3,25,50600,18,0,0,0
1,40,46,5,16,3,25,50610,18,0,0,0
1,41,46,5,16,3,25,50620,18,0,0,0
1,41,46,5,16,3,25,50630,18,0,0,0
1,41,46,5,16,3,25,50640,18,0,0,0
1,42,46,5,16,3,25,50650,18,0,0,0
1,41,46,5,16,3,25,50660,18,0,0,0
1,42,46,5,16,3,25,50670,18,0,0,0
1,42,46,5,16,3,25,50680,18,0,0,0
1,41,46,5,16,3,25,50690,18,0,0,0
1,41,46,5,16,3,25,50700,18,0,0,0
1,43,46,5,16,3,25,50710,18,0,0,0
1,42,46,5,16,3,25,50720,18,0,0,0
1,41,46,5,16,3,25,50730,18,0,0,0
1,41,46,5,16,3,25,50740,18,0,0,0
1,41,46,5,16,3,25,50750,18,0,0,0
1,42,46,5,16,3,25,50760,18,0,0,0
1,43,46,5,16,3,25,50770,18,0,0,0
1,42,46,5,16,3,25,50780,18,0,0,0
1,42,46,5,16,3,25,50790,18,0,0,0
1,41,46,5,16,3,25,50800,18,0,0,0
1,41,46,5,16,3,25,50810,18,0,0,0
1,40,46,5,16,3,25,50820,18,0,0,0
1,41,46,5,16,3,25,50830,18,0,0,0
1,40,46,5,16,3,25,50840,18,0,0,0
1,41,46,5,16,3,25,50850,18,0,0,0
1,40,46,5,16,3,25,50860,18,0,0,0
1,40,46,5,16,3,25,50870,18,0,0,0
1,41,46,6,16,3,25,50880,18,0,0,0
1,42,46,6,16,3,25,50890,18,0,0,0
1,42,46,6,16,3,25,50900,18,0,0,0
1,41,46,5,16,3,25,50910,18,0,0,0
1,40,46,5,16,3,25,50920,18,0,0,0
1,43,46,6,16,3,25,50930,18,0,0,0
1,41,46,5,16,3,25,50940,18,0,0,0
1,41,46,5,16,4,25,50950,18,0,0,0
1,42,46,5,16,3,25,50960,18,0,0,0
1,41,46,5,16,3,25,50970,18,0,0,0
1,42,46,6,16,3,25,50980,18,0,0,0
1,41,46,6,16,3,25,50990,18,0,0,0
1,42,46,5,16,3,25,51000,18,0,0,0
1,42,46,5,16,3,25,51010,18,0,0,0
1,43,46,5,16,3,25,51020,18,0,0,0
1,42,46,5,16,3,25,51030,18,0,0,0
1,42,46,5,16,3,25,51040,18,0,0,0
1,42,46,5,16,4,25,51050,18,0,0,0
1,41,46,5,16,3,25,51060,18,0,0,0
1,42,46,5,16,3,25,51070,18,0,0,0
1,41,46,5,16,4,25,51080,18,0,0,0
1,42,46,5,16,3,25,51090,18,0,0,0
1,40,46,5,16,3,25,51100,18,0,0,0
1,41,46,5,16,3,25,51110,18,0,0,0
1,41,46,5,16,3,25,51120,18,0,0,0
1,42,46,5,16,4,25,51130,18,0,0,0
1,42,46,5,16,4,25,51140,18,0,0,0
1,41,46,5,16,3,25,51150,18,0,0,0
1,41,46,5,16,3,25,51160,18,0,0,0
1,42,46,5,16,3,25,51170,18,0,0,0
1,41,46,5,16,3,25,51180,18,0,0,0
1,42,46,5,16,3,25,51190,18,0,0,0
1,41,46,5,16,3,25,51200,18,0,0,0
1,41,46,5,16,3,25,51210,18,0,0,0
1,41,46,6,16,3,25,51220,18,0,0,0
1,41,46,6,16,3,25,51230,18,0,0,0
1,41,46,5,16,3,25,51240,18,0,0,0
1,42,46,5,16,3,25,51250,18,0,0,0
1,41,46,5,16,4,25,51260,18,0,0,0
1,42,46,5,16,3,25,51270,18,0,0,0
1,41,46,5,16,3,25,51280,18,0,0,0
1,41,46,5,16,3,25,51290,18,0,0,0
1,40,46,5,16,4,25,51300,18,0,0,0
1,42,46,5,16,3,25,51310,18,0,0,0
1,40,46,5,16,3,25,51320,18,0,0,0
1,40,46,5,16,3,25,51330,18,0,0,0
1,40,46,5,16,3,25,51340,18,0,0,0
1,40,46,5,16,3,25,51350,18,0,0,0
1,40,46,5,16,3,25,51360,18,0,0,0
1,42,46,5,16,3,25,51370,18,0,0,0
1,41,46,5,16,3,25,51380,18,0,0,0
1,41,46,5,16,3,25,51390,18,0,0,0
1,41,46,5,16,3,25,51400,18,0,0,0
1,41,46,5,16,3,25,51410,18,0,0,0
1,42,46,5,16,3,25,51420,18,0,0,0
1,42,46,5,16,3,25,51430,18,0,0,0
1,41,46,5,16,3,25,51440,18,0,0,0
1,40,46,5,16,3,25,51450,18,0,0,0
1,41,46,5,16,3,25,51460,18,0,0,0
1,40,46,5,16,3,25,51470,18,0,0,0
1,41,46,4,16,3,25,51480,18,0,0,0
1,41,46,5,16,3,25,51490,18,0,0,0
1,40,46,5,16,3,25,51500,18,0,0,0
1,41,46,6,16,3,25,51510,18,0,0,0
1,42,46,6,16,3,25,51520,18,0,0,0
1,40,46,5,16,3,25,51530,18,0,0,0
1,42,46,5,16,3,25,51540,18,0,0,0
1,41,46,6,16,3,25,51550,18,0,0,0
1,39,46,6,16,3,25,51560,18,0,0,0
1,42,46,5,16,3,25,51570,18,0,0,0
1,40,46,5,16,3,25,51580,18,0,0,0
1,40,46,5,16,3,25,51590,18,0,0,0
1,40,46,5,16,3,25,51600,18,0,0,0
1,41,46,6,16,3,25,51610,18,0,0,0
1,39,46,6,16,3,25,51620,18,0,0,0
1,40,46,5,16,3,25,51630,18,0,0,0
1,40,46,5,16,3,25,51640,18,0,0,0
1,40,46,5,16,3,25,51650,18,0,0,0
1,39,46,5,16,3,25,51660,18,0,0,0
1,40,46,5,16,3,25,51670,18,0,0,0
1,39,46,5,16,3,25,51680,18,0,0,0
1,40,46,5,16,3,25,51690,18,0,0,0
1,40,46,5,16,3,25,51700,18,0,0,0
1,40,46,5,16,3,25,51710,18,0,0,0
1,40,46,5,16,3,25,51720,18,0,0,0
1,41,46,5,16,3,25,51730,18,0,0,0
1,41,46,5,16,3,25,51740,18,0,0,0
1,42,46,5,16,3,25,51750,18,0,0,0
1,41,46,5,16,3,25,51760,18,0,0,0
1,41,46,5,16,3,25,51770,18,0,0,0
1,41,46,5,16,3,25,51780,18,0,0,0
1,41,46,5,16,3,25,51790,18,0,0,0
1,40,46,6,16,3,25,51800,18,0,0,0
1,40,46,5,16,3,25,51810,18,0,0,0
1,41,46,5,16,3,25,51820,18,0,0,0
1,40,46,5,16,3,25,51830,18,0,0,0
1,40,46,5,16,3,25,51840,18,0,0,0
1,42,46,5,16,3,25,51850,18,0,0,0
1,41,46,5,16,3,25,51860,18,0,0,0
1,41,46,5,16,3,25,51870,18,0,0,0
1,41,46,5,16,3,25,51880,18,0,0,0
1,41,46,6,16,3,25,51890,18,0,0,0
1,40,46,6,16,3,25,51900,18,0,0,0
1,42,46,5,16,3,25,51910,18,0,0,0
1,41,46,5,16,3,25,51920,18,0,0,0
1,40,46,5,16,3,25,51930,18,0,0,0
1,41,46,6,16,4,25,51940,18,0,0,0
1,41,46,5,16,3,25,51950,18,0,0,0
1,41,46,5,16,3,25,51960,18,0,0,0
1,42,46,5,16,3,25,51970,18,0,0,0
1,41,46,5,16,3,25,51980,18,0,0,0
1,41,46,5,16,3,25,51990,18,0,0,0
1,41,46,5,16,3,25,52000,18,0,0,0
1,41,46,5,16,3,25,52010,18,0,0,0
1,41,46,5,16,3,25,52020,18,0,0,0
1,43,46,5,16,3,25,52030,18,0,0,0
1,41,46,5,16,3,25,52040,18,0,0,0
1,41,46,5,16,3,25,52050,18,0,0,0
1,43,46,5,16,3,25,52060,18,0,0,0
1,42,46,5,16,3,25,52070,18,0,0,0
1,41,46,6,16,3,25,52080,18,0,0,0
1,44,46,6,16,3,25,52090,18,0,0,0
1,41,46,6,16,3,25,52100,18,0,0,0
1,42,46,5,16,4,25,52110,18,0,0,0
1,43,46,5,16,3,25,52120,18,0,0,0
1,41,46,6,16,3,25,52130,18,0,0,0
1,41,46,5,16,3,25,52140,18,0,0,0
1,44,46,5,16,3,25,52150,18,0,0,0
1,42,46,5,16,4,25,52160,18,0,0,0
1,41,46,5,16,3,25,52170,18,0,0,0
1,41,46,6,16,3,25,52180,18,0,0,0
1,40,46,6,16,3,25,52190,18,0,0,0
1,41,46,5,16,3,25,52200,18,0,0,0
1,43,46,5,16,3,25,52210,18,0,0,0
1,41,46,5,16,3,25,52220,18,0,0,0
1,42,46,5,16,4,25,52230,18,0,0,0
1,42,46,5,16,3,25,52240,18,0,0,0
1,42,46,5,16,3,25,52250,18,0,0,0
1,41,46,5,16,3,25,52260,18,0,0,0
1,42,46,6,16,3,25,52270,18,0,0,0
1,42,46,6,16,3,25,52280,18,0,0,0
1,41,46,6,16,3,25,52290,18,0,0,0
1,41,46,5,16,3,25,52300,18,0,0,0
1,40,46,5,16,3,25,52310,18,0,0,0
1,41,46,5,16,3,25,52320,18,0,0,0
1,42,46,5,16,3,25,52330,18,0,0,0
1,42,46,6,16,4,25,52340,18,0,0,0
1,40,46,5,16,3,25,52350,18,0,0,0
1,41,46,5,16,3,25,52360,18,0,0,0
1,40,46,5,16,3,25,52370,18,0,0,0
1,40,46,5,16,3,25,52380,18,0,0,0
1,41,46,5,16,3,25,52390,18,0,0,0
1,41,46,5,16,3,25,52400,18,0,0,0
1,41,46,5,16,3,25,52410,18,0,0,0
1,41,46,5,16,3,25,52420,18,0,0,0
1,42,46,6,16,4,25,52430,18,0,0,0
1,42,46,5,16,4,25,52440,18,0,0,0
1,43,46,5,16,4,25,52450,18,0,0,0
1,42,46,6,16,4,25,52460,18,0,0,0
1,41,46,6,16,4,25,52470,18,0,0,0
1,42,46,6,16,4,25,52480,18,0,0,0
1,43,46,5,16,4,25,52490,18,0,0,0
1,42,46,5,16,4,25,52500,18,0,0,0
1,43,46,6,16,4,25,52510,18,0,0,0
1,42,46,6,16,4,25,52520,18,0,0,0
1,42,46,6,16,4,25,52530,18,0,0,0
1,41,46,5,16,4,25,52540,18,0,0,0
1,42,46,5,16,4,25,52550,18,0,0,0
1,41,46,6,16,4,25,52560,18,0,0,0
1,43,46,6,16,4,25,52570,18,0,0,0
1,42,46,6,16,4,25,52580,18,0,0,0
1,42,46,5,16,4,25,52590,18,0,0,0
1,41,46,5,16,4,25,52600,18,0,0,0
1,42,46,6,16,4,25,52610,18,0,0,0
1,41,46,6,16,4,25,52620,18,0,0,0
1,43,46,5,16,4,25,52630,18,0,0,0
1,44,46,5,16,4,25,52640,18,0,0,0
1,43,46,5,16,4,25,52650,18,0,0,0
1,43,46,6,16,4,25,52660,18,0,0,0
1,43,46,6,16,4,25,52670,18,0,0,0
1,43,46,5,16,4,25,52680,18,0,0,0
1,43,46,5,16,4,25,52690,18,0,0,0
1,43,46,6,16,4,25,52700,18,0,0,0
1,42,46,6,16,4,25,52710,18,0,0,0
1,42,46,6,16,4,25,52720,18,0,0,0
1,42,46,5,16,4,25,52730,18,0,0,0
1,42,46,5,16,4,25,52740,18,0,0,0
1,44,46,6,16,4,25,52750,18,0,0,0
1,43,46,6,16,4,25,52760,18,0,0,0
1,42,46,6,16,4,25,52770,18,0,0,0
1,42,46,6,16,4,25,52780,18,0,0,0
1,42,46,5,16,4,25,52790,18,0,0,0
1,41,46,6,16,4,25,52800,18,0,0,0
1,42,46,6,16,4,25,52810,18,0,0,0
1,42,46,6,16,4,25,52820,18,0,0,0
1,42,46,5,16,4,25,52830,18,0,0,0
1,42,46,5,16,4,25,52840,18,0,0,0
1,42,46,6,16,4,25,52850,18,0,0,0
1,42,46,6,16,4,25,52860,18,0,0,0
1,43,46,5,16,4,25,52870,18,0,0,0
1,41,46,5,16,3,25,52880,18,0,0,0
1,41,46,5,16,3,25,52890,18,0,0,0
1,41,46,6,16,3,25,52900,18,0,0,0
1,41,46,6,16,3,25,52910,18,0,0,0
1,41,46,5,16,3,25,52920,18,0,0,0
1,42,46,5,16,3,25,52930,18,0,0,0
1,42,46,5,16,3,25,52940,18,0,0,0
1,41,46,5,16,3,25,52950,18,0,0,0
1,41,46,5,16,3,25,52960,18,0,0,0
1,42,46,5,16,3,25,52970,18,0,0,0
1,41,46,5,16,3,25,52980,18,0,0,0
1,42,46,5,16,3,25,52990,18,0,0,0
1,41,46,5,16,3,25,53000,18,0,0,0
1,42,46,5,16,3,25,53010,18,0,0,0
1,42,46,5,16,3,25,53020,18,0,0,0
1,41,46,5,16,3,25,53030,18,0,0,0
1,41,46,5,16,3,25,53040,18,0,0,0
1,43,46,5,16,3,25,53050,18,0,0,0
1,42,46,5,16,3,25,53060,18,0,0,0
1,41,46,5,16,3,25,53070,18,0,0,0
1,42,46,5,16,3,25,53080,18,0,0,0
1,42,46,7,16,4,25,53090,18,0,0,0
1,42,46,7,16,3,25,53100,18,0,0,0
1,44,46,5,16,3,25,53110,18,0,0,0
1,42,46,7,16,3,25,53120,18,0,0,0
1,42,46,5,16,3,25,53130,18,0,0,0
1,42,46,5,16,3,25,53140,18,0,0,0
1,42,46,5,16,3,25,53150,18,0,0,0
1,42,46,5,16,3,25,53160,18,0,0,0
1,44,46,5,16,3,25,53170,18,0,0,0
1,41,46,5,16,3,25,53180,18,0,0,0
1,42,46,5,16,3,25,53190,18,0,0,0
1,43,46,5,16,3,25,53200,18,0,0,0
1,42,46,5,16,3,25,53210,18,0,0,0
1,42,46,5,16,4,25,53220,18,0,0,0
1,44,46,5,16,4,25,53230,18,0,0,0
1,42,46,5,16,3,25,53240,18,0,0,0
1,42,46,5,16,3,25,53250,18,0,0,0
1,43,46,5,16,3,25,53260,18,0,0,0
1,41,46,6,16,3,25,53270,18,0,0,0
1,41,46,5,16,3,25,53280,18,0,0,0
1,44,46,5,16,3,25,53290,18,0,0,0
1,41,46,5,16,3,25,53300,18,0,0,0
1,41,46,6,16,3,25,53310,18,0,0,0
1,42,46,6,16,3,25,53320,18,0,0,0
1,42,46,6,16,3,25,53330,18,0,0,0
1,42,46,5,16,3,25,53340,18,0,0,0
1,43,46,7,16,3,25,53350,18,0,0,0
1,42,46,7,16,3,25,53360,18,0,0,0
1,42,46,5,16,3,25,53370,18,0,0,0
1,41,46,6,16,3,25,53380,18,0,0,0
1,41,46,5,16,3,25,53390,18,0,0,0
1,41,46,5,16,3,25,53400,18,0,0,0
1,42,46,5,16,3,25,53410,18,0,0,0
1,41,46,5,16,3,25,53420,18,0,0,0
1,42,46,6,16,3,25,53430,18,0,0,0
1,42,46,6,16,3,25,53440,18,0,0,0
1,41,46,5,16,3,25,53450,18,0,0,0
1,41,46,5,16,3,25,53460,18,0,0,0
1,43,46,5,16,3,25,53470,18,0,0,0
1,41,46,6,16,3,25,53480,18,0,0,0
1,41,46,6,16,3,25,53490,18,0,0,0
1,41,46,5,16,3,25,53500,18,0,0,0
1,41,46,5,16,3,25,53510,18,0,0,0
1,40,46,5,16,3,25,53520,18,0,0,0
1,42,46,5,16,3,25,53530,18,0,0,0
1,40,46,5,16,3,25,53540,18,0,0,0
1,41,46,5,16,3,25,53550,18,0,0,0
1,41,46,5,16,3,25,53560,18,0,0,0
1,40,46,6,16,3,25,53570,18,0,0,0
1,40,46,6,16,3,25,53580,18,0,0,0
1,42,46,5,16,3,25,53590,18,0,0,0
1,40,46,5,16,3,25,53600,18,0,0,0
1,41,46,5,16,3,25,53610,18,0,0,0
1,40,46,5,16,3,25,53620,18,0,0,0
1,41,46,5,16,3,25,53630,18,0,0,0
1,41,46,5,16,3,25,53640,18,0,0,0
1,42,46,5,16,3,25,53650,18,0,0,0
1,41,46,5,16,3,25,53660,18,0,0,0
1,41,46,7,16,3,25,53670,18,0,0,0
1,40,46,5,16,3,25,53680,18,0,0,0
1,42,46,5,16,3,25,53690,18,0,0,0
1,40,46,5,16,3,25,53700,18,0,0,0
1,42,46,7,16,3,25,53710,18,0,0,0
1,41,46,5,16,3,25,53720,18,0,0,0
1,41,46,7,16,3,25,53730,18,0,0,0
1,40,46,5,16,3,25,53740,18,0,0,0
1,40,46,5,16,3,25,53750,18,0,0,0
1,40,46,5,16,3,25,53760,18,0,0,0
1,42,46,5,16,3,25,53770,18,0,0,0
1,41,46,5,16,3,25,53780,18,0,0,0
1,40,46,5,16,3,25,53790,18,0,0,0
1,40,46,5,16,3,25,53800,18,0,0,0
1,41,46,5,16,3,25,53810,18,0,0,0
1,41,46,5,16,4,25,53820,18,0,0,0
1,44,46,5,16,4,25,53830,18,0,0,0
1,42,46,5,16,4,25,53840,18,0,0,0
1,42,46,5,16,4,25,53850,18,0,0,0
1,42,46,6,16,4,25,53860,18,0,0,0
1,41,46,6,16,4,25,53870,18,0,0,0
1,41,46,5,16,4,25,53880,18,0,0,0
1,42,46,5,16,4,25,53890,18,0,0,0
1,42,46,5,16,4,25,53900,18,0,0,0
1,42,46,6,16,4,25,53910,18,0,0,0
1,42,46,6,16,4,25,53920,18,0,0,0
1,42,46,6,16,4,25,53930,18,0,0,0
1,43,46,5,16,4,25,53940,18,0,0,0
1,44,46,5,16,3,25,53950,18,0,0,0
1,41,46,6,16,4,25,53960,18,0,0,0
1,42,46,6,16,4,25,53970,18,0,0,0
1,42,46,6,16,4,25,53980,18,0,0,0
1,41,46,6,16,4,25,53990,18,0,0,0
1,41,46,5,16,4,25,54000,18,0,0,0
1,43,46,5,16,4,25,54010,18,0,0,0
1,42,46,5,16,4,25,54020,18,0,0,0
1,43,46,5,16,4,25,54030,18,0,0,0
1,43,46,7,16,4,25,54040,18,0,0,0
1,42,46,5,16,4,25,54050,18,0,0,0
1,42,46,5,16,4,25,54060,18,0,0,0
1,43,46,7,16,4,25,54070,18,0,0,0
1,42,46,5,16,4,25,54080,18,0,0,0
1,42,46,5,16,4,25,54090,18,0,0,0
1,42,46,5,16,4,25,54100,18,0,0,0
1,43,46,5,16,4,25,54110,18,0,0,0
1,43,46,5,16,4,25,54120,18,0,0,0
1,44,46,5,16,4,25,54130,18,0,0,0
1,43,46,5,16,4,25,54140,18,0,0,0
1,42,46,5,16,4,25,54150,18,0,0,0
1,43,46,6,16,4,25,54160,18,0,0,0
1,42,46,5,16,4,25,54170,18,0,0,0
1,43,46,5,16,4,25,54180,18,0,0,0
1,44,46,5,16,4,25,54190,18,0,0,0
1,44,46,6,16,4,25,54200,18,0,0,0
1,43,46,6,16,4,25,54210,18,0,0,0
1,42,46,5,16,4,25,54220,18,0,0,0
1,43,46,6,16,4,25,54230,18,0,0,0
1,42,46,5,16,4,25,54240,18,0,0,0
1,43,46,5,16,4,25,54250,18,0,0,0
1,42,46,6,16,4,25,54260,18,0,0,0
1,42,46,5,16,4,25,54270,18,0,0,0
1,41,46,5,16,4,25,54280,18,0,0,0
1,41,46,5,16,4,25,54290,18,0,0,0
1,41,46,5,16,4,25,54300,18,0,0,0
1,42,46,5,16,4,25,54310,18,0,0,0
1,41,46,5,16,4,25,54320,18,0,0,0
1,42,46,5,16,3,25,54330,18,0,0,0
1,41,46,5,16,4,25,54340,18,0,0,0
1,42,46,5,16,4,25,54350,18,0,0,0
1,41,46,5,16,4,25,54360,18,0,0,0
1,42,46,5,16,4,25,54370,18,0,0,0
1,41,46,5,16,4,25,54380,18,0,0,0
1,42,46,5,16,4,25,54390,18,0,0,0
1,41,46,5,16,4,25,54400,18,0,0,0
1,42,46,7,16,4,25,54410,18,0,0,0
1,42,46,5,16,4,25,54420,18,0,0,0
1,42,46,5,16,4,25,54430,18,0,0,0
1,42,46,5,16,4,25,54440,18,0,0,0
1,42,46,5,16,4,25,54450,18,0,0,0
1,41,46,5,16,4,25,54460,18,0,0,0
1,43,46,5,16,4,25,54470,18,0,0,0
1,43,46,5,16,4,25,54480,18,0,0,0
1,44,46,5,16,4,25,54490,18,0,0,0
1,43,46,5,16,3,25,54500,18,0,0,0
1,42,46,5,16,4,25,54510,18,0,0,0
1,42,46,5,16,3,25,54520,18,0,0,0
1,43,46,6,16,4,25,54530,18,0,0,0
1,42,46,5,16,3,25,54540,18,0,0,0
1,42,46,5,16,4,25,54550,18,0,0,0
1,43,46,5,16,3,25,54560,18,0,0,0
1,42,46,5,16,4,25,54570,18,0,0,0
1,42,46,6,16,4,25,54580,18,0,0,0
1,43,46,6,16,4,25,54590,18,0,0,0
1,43,46,5,16,4,25,54600,18,0,0,0
1,44,46,5,16,4,25,54610,18,0,0,0
1,44,46,5,16,4,25,54620,18,0,0,0
1,43,46,5,16,4,25,54630,18,0,0,0
1,42,46,5,16,4,25,54640,18,0,0,0
1,43,46,5,16,4,25,54650,18,0,0,0
1,43,46,5,16,4,25,54660,18,0,0,0
1,43,46,5,16,4,25,54670,18,0,0,0
1,43,46,5,16,4,25,54680,18,0,0,0
1,43,46,5,16,4,25,54690,18,0,0,0
1,43,46,5,16,4,25,54700,18,0,0,0
1,43,46,5,16,4,25,54710,18,0,0,0
1,42,46,5,16,4,25,54720,18,0,0,0
1,43,46,5,16,4,25,54730,18,0,0,0
1,42,46,5,16,4,25,54740,18,0,0,0
1,43,46,5,16,4,25,54750,18,0,0,0
1,42,46,5,16,4,25,54760,18,0,0,0
1,42,46,5,16,4,25,54770,18,0,0,0
1,43,46,5,16,4,25,54780,18,0,0,0
1,43,46,5,16,4,25,54790,18,0,0,0
1,43,46,5,16,4,25,54800,18,0,0,0
1,42,46,5,16,4,25,54810,18,0,0,0
1,42,46,5,16,4,25,54820,18,0,0,0
1,43,46,5,16,4,25,54830,18,0,0,0
1,43,46,5,16,4,25,54840,18,0,0,0
1,44,46,5,16,4,25,54850,18,0,0,0
1,44,46,5,16,4,25,54860,18,0,0,0
1,44,46,5,16,4,25,54870,18,0,0,0
1,44,46,5,16,4,25,54880,18,0,0,0
1,43,46,5,16,4,25,54890,18,0,0,0
1,44,46,5,16,4,25,54900,18,0,0,0
1,45,46,5,16,4,25,54910,18,0,0,0
1,44,46,5,16,4,25,54920,18,0,0,0
1,44,46,5,16,4,25,54930,18,0,0,0
1,44,46,5,16,4,25,54940,18,0,0,0
1,44,46,5,16,4,25,54950,18,0,0,0
1,44,46,5,16,4,25,54960,18,0,0,0
1,45,46,5,16,4,25,54970,18,0,0,0
1,44,46,5,16,4,25,54980,18,0,0,0
1,44,46,5,16,4,25,54990,18,0,0,0
1,43,46,5,16,4,25,55000,18,0,0,0
1,44,46,6,16,4,25,55010,18,0,0,0
1,43,46,6,16,4,25,55020,18,0,0,0
1,45,46,6,16,4,25,55030,18,0,0,0
1,44,46,5,16,4,25,55040,18,0,0,0
1,44,46,5,16,4,25,55050,18,0,0,0
1,43,46,6,16,4,25,55060,18,0,0,0
1,43,46,6,16,4,25,55070,18,0,0,0
1,43,46,5,16,4,25,55080,18,0,0,0
1,44,46,5,16,4,25,55090,18,0,0,0
1,43,46,5,16,4,25,55100,18,0,0,0
1,43,46,6,16,4,25,55110,18,0,0,0
1,44,46,6,16,4,25,55120,18,0,0,0
1,43,46,6,16,4,25,55130,18,0,0,0
1,44,46,5,16,4,25,55140,18,0,0,0
1,45,46,5,16,4,25,55150,18,0,0,0
1,43,46,6,16,4,25,55160,18,0,0,0
1,43,46,6,16,4,25,55170,18,0,0,0
1,44,46,6,16,4,25,55180,18,0,0,0
1,43,46,5,16,3,25,55190,18,0,0,0
1,43,46,5,16,4,25,55200,18,0,0,0
1,43,46,5,16,4,25,55210,18,0,0,0
1,44,46,5,16,4,25,55220,18,0,0,0
1,43,46,5,16,4,25,55230,18,0,0,0
1,44,46,5,16,4,25,55240,18,0,0,0
1,43,46,5,16,4,25,55250,18,0,0,0
1,43,46,5,16,4,25,55260,18,0,0,0
1,45,46,5,16,4,25,55270,18,0,0,0
1,43,46,5,16,4,25,55280,18,0,0,0
1,43,46,5,16,4,25,55290,18,0,0,0
1,45,46,5,16,4,25,55300,18,0,0,0
1,43,46,5,16,4,25,55310,18,0,0,0
1,44,46,5,16,4,25,55320,18,0,0,0
1,46,46,5,16,4,25,55330,18,0,0,0
1,43,46,5,16,4,25,55340,18,0,0,0
1,43,46,5,16,4,25,55350,18,0,0,0
1,44,46,5,16,4,25,55360,18,0,0,0
1,42,46,5,16,4,25,55370,18,0,0,0
1,42,46,5,16,4,25,55380,18,0,0,0
1,44,46,5,16,4,25,55390,18,0,0,0
1,42,46,5,16,4,25,55400,18,0,0,0
1,43,46,6,16,4,25,55410,18,0,0,0
1,42,46,5,16,4,25,55420,18,0,0,0
1,43,46,5,16,4,25,55430,18,0,0,0
1,42,46,5,16,4,25,55440,18,0,0,0
1,44,46,5,16,4,25,55450,18,0,0,0
1,44,46,6,16,4,25,55460,18,0,0,0
1,44,46,5,16,4,25,55470,18,0,0,0
1,42,46,5,16,4,25,55480,18,0,0,0
1,44,46,5,16,4,25,55490,18,0,0,0
1,43,46,5,16,4,25,55500,18,0,0,0
1,42,46,5,16,4,25,55510,18,0,0,0
1,43,46,5,16,4,25,55520,18,0,0,0
1,42,46,5,16,4,25,55530,18,0,0,0
1,43,46,5,16,4,25,55540,18,0,0,0
1,43,46,6,16,4,25,55550,18,0,0,0
1,44,46,5,16,4,25,55560,18,0,0,0
1,43,46,5,16,4,25,55570,18,0,0,0
1,44,46,5,16,4,25,55580,18,0,0,0
1,43,46,5,16,3,25,55590,18,0,0,0
1,43,46,6,16,4,25,55600,18,0,0,0
1,42,46,5,16,4,25,55610,18,0,0,0
1,43,46,5,16,4,25,55620,18,0,0,0
1,44,46,5,16,4,25,55630,18,0,0,0
1,42,46,6,16,4,25,55640,18,0,0,0
1,42,46,5,16,4,25,55650,18,0,0,0
1,42,46,5,16,3,25,55660,18,0,0,0
1,43,46,5,16,4,25,55670,18,0,0,0
1,42,46,6,16,4,25,55680,18,0,0,0
1,42,46,6,16,4,25,55690,18,0,0,0
1,41,46,6,16,4,25,55700,18,0,0,0
1,41,46,6,16,4,25,55710,18,0,0,0
1,43,46,6,16,4,25,55720,18,0,0,0
1,43,46,6,16,4,25,55730,18,0,0,0
1,42,46,6,16,4,25,55740,18,0,0,0
1,43,46,5,16,4,25,55750,18,0,0,0
1,43,46,6,16,4,25,55760,18,0,0,0
1,42,46,6,16,4,25,55770,18,0,0,0
1,42,46,6,16,4,25,55780,18,0,0,0
1,43,46,6,16,4,25,55790,18,0,0,0
1,43,46,5,16,4,25,55800,18,0,0,0
1,44,46,5,16,4,25,55810,18,0,0,0
1,42,46,5,16,4,25,55820,18,0,0,0
1,43,46,6,16,4,25,55830,18,0,0,0
1,43,46,6,16,4,25,55840,18,0,0,0
1,43,46,5,16,4,25,55850,18,0,0,0
1,44,46,5,16,4,25,55860,18,0,0,0
1,44,46,6,16,4,25,55870,18,0,0,0
1,43,46,6,16,4,25,55880,18,0,0,0
1,43,46,6,16,4,25,55890,18,0,0,0
1,42,46,5,16,4,25,55900,18,0,0,0
1,42,46,5,16,4,25,55910,18,0,0,0
1,41,46,5,16,4,25,55920,18,0,0,0
1,43,46,5,16,3,25,55930,18,0,0,0
1,42,46,6,16,4,25,55940,18,0,0,0
1,41,46,5,16,4,25,55950,18,0,0,0
1,42,46,5,16,4,25,55960,18,0,0,0
1,45,46,5,16,4,25,55970,18,0,0,0
1,43,46,5,16,4,25,55980,18,0,0,0
1,43,46,5,16,4,25,55990,18,0,0,0
1,45,46,5,16,4,25,56000,18,0,0,0
1,43,46,5,16,4,25,56010,18,0,0,0
1,43,46,5,16,4,25,56020,18,0,0,0
1,44,46,5,16,4,25,56030,18,0,0,0
1,43,46,5,16,4,25,56040,18,0,0,0
1,44,46,5,16,4,25,56050,18,0,0,0
1,44,46,5,16,4,25,56060,18,0,0,0
1,42,46,5,16,4,25,56070,18,0,0,0
1,42,46,5,16,4,25,56080,18,0,0,0
1,44,46,5,16,4,25,56090,18,0,0,0
1,43,46,5,16,4,25,56100,18,0,0,0
1,43,46,5,16,4,25,56110,18,0,0,0
1,43,46,5,16,4,25,56120,18,0,0,0
1,42,46,5,16,4,25,56130,18,0,0,0
1,42,46,5,16,4,25,56140,18,0,0,0
1,43,46,5,16,4,25,56150,18,0,0,0
1,43,46,5,16,4,25,56160,18,0,0,0
1,43,46,5,16,4,25,56170,18,0,0,0
1,42,46,5,16,4,25,56180,18,0,0,0
1,42,46,5,16,4,25,56190,18,0,0,0
1,43,46,5,16,4,25,56200,18,0,0,0
1,44,46,5,16,4,25,56210,18,0,0,0
1,43,46,5,16,4,25,56220,18,0,0,0
1,44,46,5,16,4,25,56230,18,0,0,0
1,43,46,5,16,4,25,56240,18,0,0,0
1,42,46,5,16,4,25,56250,18,0,0,0
1,42,46,7,16,4,25,56260,18,0,0,0
1,42,46,5,16,4,25,56270,18,0,0,0
1,42,46,5,16,4,25,56280,18,0,0,0
1,42,46,5,16,4,25,56290,18,0,0,0
1,42,46,5,16,4,25,56300,18,0,0,0
1,42,46,6,16,4,25,56310,18,0,0,0
1,42,46,6,16,4,25,56320,18,0,0,0
1,42,46,5,16,4,25,56330,18,0,0,0
1,42,46,5,16,4,25,56340,18,0,0,0
1,43,46,5,16,4,25,56350,18,0,0,0
1,42,46,6,16,4,25,56360,18,0,0,0
1,41,46,6,16,4,25,56370,18,0,0,0
1,43,46,5,16,4,25,56380,18,0,0,0
1,42,46,5,16,4,25,56390,18,0,0,0
1,41,46,5,16,4,25,56400,18,0,0,0
1,44,46,5,16,4,25,56410,18,0,0,0
1,41,46,5,16,4,25,56420,18,0,0,0
1,42,46,5,16,3,25,56430,18,0,0,0
1,43,46,5,16,4,25,56440,18,0,0,0
1,42,46,5,16,4,25,56450,18,0,0,0
1,42,46,5,16,4,25,56460,18,0,0,0
1,43,46,5,16,4,25,56470,18,0,0,0
1,41,46,5,16,4,25,56480,18,0,0,0
1,42,46,5,16,4,25,56490,18,0,0,0
1,42,46,7,16,4,25,56500,18,0,0,0
1,43,46,5,16,4,25,56510,18,0,0,0
1,42,46,5,16,4,25,56520,18,0,0,0
1,44,46,5,16,4,25,56530,18,0,0,0
1,44,46,5,16,4,25,56540,18,0,0,0
1,42,46,5,16,4,25,56550,18,0,0,0
1,43,46,5,16,4,25,56560,18,0,0,0
1,42,46,5,16,3,25,56570,18,0,0,0
1,42,46,5,16,3,25,56580,18,0,0,0
1,43,46,5,16,4,25,56590,18,0,0,0
1,42,46,5,16,4,25,56600,18,0,0,0
1,42,46,5,16,4,25,56610,18,0,0,0
1,42,46,5,16,4,25,56620,18,0,0,0
1,41,46,5,16,4,25,56630,18,0,0,0
1,42,46,5,16,4,25,56640,18,0,0,0
1,44,46,5,16,4,25,56650,18,0,0,0
1,42,46,5,16,4,25,56660,18,0,0,0
1,41,46,5,16,4,25,56670,18,0,0,0
1,42,46,5,16,4,25,56680,18,0,0,0
1,42,46,5,16,3,25,56690,18,0,0,0
1,42,46,5,16,4,25,56700,18,0,0,0
1,43,46,5,16,4,25,56710,18,0,0,0
1,41,46,5,16,4,25,56720,18,0,0,0
1,41,46,5,16,3,25,56730,18,0,0,0
1,41,46,5,16,4,25,56740,18,0,0,0
1,41,46,5,16,4,25,56750,18,0,0,0
1,42,46,5,16,4,25,56760,18,0,0,0
1,42,46,5,16,4,25,56770,18,0,0,0
1,41,46,5,16,4,25,56780,18,0,0,0
1,41,46,7,16,4,25,56790,18,0,0,0
1,41,46,5,16,4,25,56800,18,0,0,0
1,41,46,5,16,3,25,56810,18,0,0,0
1,41,46,5,16,3,25,56820,18,0,0,0
1,42,46,5,16,3,25,56830,18,0,0,0
1,41,46,5,16,3,25,56840,18,0,0,0
1,40,46,5,16,3,25,56850,18,0,0,0
1,40,46,5,16,3,25,56860,18,0,0,0
1,41,46,5,16,3,25,56870,18,0,0,0
1,41,46,5,16,3,25,56880,18,0,0,0
1,41,46,5,16,3,25,56890,18,0,0,0
1,41,46,5,16,3,25,56900,18,0,0,0
1,40,46,5,16,3,25,56910,18,0,0,0
1,40,46,5,16,3,25,56920,18,0,0,0
1,41,46,5,16,3,25,56930,18,0,0,0
1,41,46,5,16,3,25,56940,18,0,0,0
1,41,46,5,16,4,25,56950,18,0,0,0
1,42,46,5,16,3,25,56960,18,0,0,0
1,40,46,5,16,3,25,56970,18,0,0,0
1,40,46,5,16,3,25,56980,18,0,0,0
1,41,46,5,16,3,25,56990,18,0,0,0
1,41,46,5,16,3,25,57000,18,0,0,0
1,41,46,5,16,3,25,57010,18,0,0,0
1,40,46,5,16,3,25,57020,18,0,0,0
1,41,46,5,16,3,25,57030,18,0,0,0
1,41,46,5,16,3,25,57040,18,0,0,0
1,40,46,5,16,3,25,57050,18,0,0,0
1,41,46,5,16,3,25,57060,18,0,0,0
1,41,46,5,16,3,25,57070,18,0,0,0
1,40,46,5,16,3,25,57080,18,0,0,0
1,41,46,5,16,3,25,57090,18,0,0,0
1,42,46,5,16,3,25,57100,18,0,0,0
1,41,46,5,16,3,25,57110,18,0,0,0
1,40,46,5,16,3,25,57120,18,0,0,0
1,41,46,5,16,3,25,57130,18,0,0,0
1,40,46,5,16,3,25,57140,18,0,0,0
1,41,46,5,16,3,25,57150,18,0,0,0
1,40,46,5,16,3,25,57160,18,0,0,0
1,40,46,5,16,3,25,57170,18,0,0,0
1,39,46,5,16,3,25,57180,18,0,0,0
1,41,46,5,16,3,25,57190,18,0,0,0
1,40,46,5,16,3,25,57200,18,0,0,0
1,40,46,5,16,3,25,57210,18,0,0,0
1,40,46,5,16,3,25,57220,18,0,0,0
1,40,46,5,16,3,25,57230,18,0,0,0
1,41,46,5,16,3,25,57240,18,0,0,0
1,41,46,5,16,3,25,57250,18,0,0,0
1,40,46,5,16,3,25,57260,18,0,0,0
1,41,46,5,16,3,25,57270,18,0,0,0
1,41,46,5,16,3,25,57280,18,0,0,0
1,40,46,5,16,3,25,57290,18,0,0,0
1,41,46,5,16,3,25,57300,18,0,0,0
1,42,46,7,16,3,25,57310,18,0,0,0
1,40,46,5,16,3,25,57320,18,0,0,0
1,41,46,5,16,3,25,57330,18,0,0,0
1,41,46,5,16,3,25,57340,18,0,0,0
1,41,46,5,16,3,25,57350,18,0,0,0
1,41,46,5,16,3,25,57360,18,0,0,0
1,42,46,5,16,3,25,57370,18,0,0,0
1,40,46,5,16,3,25,57380,18,0,0,0
1,40,46,5,16,3,25,57390,18,0,0,0
1,43,46,5,16,3,25,57400,18,0,0,0
1,40,46,5,16,3,25,57410,18,0,0,0
1,41,46,5,16,3,25,57420,18,0,0,0
1,44,46,5,16,3,25,57430,18,0,0,0
1,42,46,5,16,3,25,57440,18,0,0,0
1,41,46,5,16,3,25,57450,18,0,0,0
1,43,46,5,16,3,25,57460,18,0,0,0
1,41,46,5,16,3,25,57470,18,0,0,0
1,41,46,5,16,3,25,57480,18,0,0,0
1,43,46,5,16,3,25,57490,18,0,0,0
1,41,46,5,16,3,25,57500,18,0,0,0
1,41,46,5,16,3,25,57510,18,0,0,0
1,42,46,5,16,3,25,57520,18,0,0,0
1,42,46,5,16,4,25,57530,18,0,0,0
1,42,46,5,16,3,25,57540,18,0,0,0
1,43,46,5,16,3,25,57550,18,0,0,0
1,41,46,5,16,3,25,57560,18,0,0,0
1,42,46,5,16,3,25,57570,18,0,0,0
1,42,46,5,16,3,25,57580,18,0,0,0
1,41,46,5,16,3,25,57590,18,0,0,0
1,40,46,5,16,3,25,57600,18,0,0,0
1,41,46,5,16,3,25,57610,18,0,0,0
1,41,46,5,16,3,25,57620,18,0,0,0
1,41,46,5,16,4,25,57630,18,0,0,0
1,40,46,5,16,3,25,57640,18,0,0,0
1,41,46,5,16,3,25,57650,18,0,0,0
1,41,46,5,16,3,25,57660,18,0,0,0
1,42,46,5,16,3,25,57670,18,0,0,0
1,42,46,5,16,3,25,57680,18,0,0,0
1,41,46,5,16,3,25,57690,18,0,0,0
1,41,46,5,16,3,25,57700,18,0,0,0
1,40,46,5,16,3,25,57710,18,0,0,0
1,40,46,5,16,3,25,57720,18,0,0,0
1,41,46,5,16,3,25,57730,18,0,0,0
1,41,46,5,16,4,25,57740,18,0,0,0
1,40,46,5,16,3,25,57750,18,0,0,0
1,40,46,7,16,3,25,57760,18,0,0,0
1,40,46,5,16,3,25,57770,18,0,0,0
1,40,46,5,16,3,25,57780,18,0,0,0
1,42,46,5,16,3,25,57790,18,0,0,0
1,40,46,5,16,3,25,57800,18,0,0,0
1,40,46,5,16,3,25,57810,18,0,0,0
1,40,46,5,16,3,25,57820,18,0,0,0
1,39,46,5,16,3,25,57830,18,0,0,0
1,40,46,5,16,3,25,57840,18,0,0,0
1,41,46,5,16,3,25,57850,18,0,0,0
1,39,46,5,16,3,25,57860,18,0,0,0
1,40,46,5,16,3,25,57870,18,0,0,0
1,40,46,5,16,3,25,57880,18,0,0,0
1,40,46,5,16,3,25,57890,18,0,0,0
1,39,46,5,16,3,25,57900,18,0,0,0
1,41,46,5,16,3,25,57910,18,0,0,0
1,40,46,5,16,3,25,57920,18,0,0,0
1,40,46,5,16,3,25,57930,18,0,0,0
1,40,46,5,16,3,25,57940,18,0,0,0
1,40,46,5,16,3,25,57950,18,0,0,0
1,40,46,5,16,3,25,57960,18,0,0,0
1,42,46,5,16,3,25,57970,18,0,0,0
1,41,46,5,16,3,25,57980,18,0,0,0
1,41,46,5,16,3,25,57990,18,0,0,0
1,41,46,4,16,3,25,58000,18,0,0,0
1,41,46,5,16,3,25,58010,18,0,0,0
1,40,46,5,16,3,25,58020,18,0,0,0
1,41,46,5,16,3,25,58030,18,0,0,0
1,40,46,5,16,3,25,58040,18,0,0,0
1,40,46,5,16,3,25,58050,18,0,0,0
1,39,46,5,16,3,25,58060,18,0,0,0
1,39,46,5,16,4,25,58070,18,0,0,0
1,40,46,5,16,3,25,58080,18,0,0,0
1,41,46,5,16,3,25,58090,18,0,0,0
1,40,46,5,16,3,25,58100,18,0,0,0
1,40,46,5,16,3,25,58110,18,0,0,0
1,40,46,5,16,3,25,58120,18,0,0,0
1,40,46,5,16,3,25,58130,18,0,0,0
1,40,46,5,16,3,25,58140,18,0,0,0
1,41,46,5,16,3,25,58150,18,0,0,0
1,40,46,5,16,3,25,58160,18,0,0,0
1,40,46,5,16,3,25,58170,18,0,0,0
1,40,46,5,16,3,25,58180,18,0,0,0
1,40,46,5,16,3,25,58190,18,0,0,0
1,40,46,5,16,3,25,58200,18,0,0,0
1,41,46,5,16,3,25,58210,18,0,0,0
1,40,46,5,16,3,25,58220,18,0,0,0
1,40,46,5,16,4,25,58230,18,0,0,0
1,41,46,5,16,4,25,58240,18,0,0,0
1,42,46,5,16,4,25,58250,18,0,0,0
1,43,46,5,16,4,25,58260,18,0,0,0
1,42,46,5,16,4,25,58270,18,0,0,0
1,41,46,5,16,4,25,58280,18,0,0,0
1,41,46,5,16,4,25,58290,18,0,0,0
1,40,46,5,16,4,25,58300,18,0,0,0
1,41,46,5,16,4,25,58310,18,0,0,0
1,41,46,5,16,4,25,58320,18,0,0,0
1,41,46,5,16,4,25,58330,18,0,0,0
1,40,46,5,16,4,25,58340,18,0,0,0
1,41,46,5,16,4,25,58350,18,0,0,0
1,40,46,5,16,4,25,58360,18,0,0,0
1,40,46,5,16,4,25,58370,18,0,0,0
1,40,46,5,16,4,25,58380,18,0,0,0
1,41,46,5,16,4,25,58390,18,0,0,0
1,41,46,5,16,4,25,58400,18,0,0,0
1,41,46,5,16,4,25,58410,18,0,0,0
1,41,46,5,16,4,25,58420,18,0,0,0
1,41,46,5,16,4,25,58430,18,0,0,0
1,40,46,5,16,4,25,58440,18,0,0,0
1,41,46,5,16,3,25,58450,18,0,0,0
1,40,46,5,16,4,25,58460,18,0,0,0
1,40,46,5,16,4,25,58470,18,0,0,0
1,41,46,5,16,4,25,58480,18,0,0,0
1,42,46,5,16,3,25,58490,18,0,0,0
1,41,46,5,16,4,25,58500,18,0,0,0
1,42,46,5,16,4,25,58510,18,0,0,0
1,41,46,5,16,4,25,58520,18,0,0,0
1,41,46,5,16,3,25,58530,18,0,0,0
1,40,46,5,16,4,25,58540,18,0,0,0
1,41,46,5,16,4,25,58550,18,0,0,0
1,40,46,5,16,4,25,58560,18,0,0,0
1,41,46,5,16,3,25,58570,18,0,0,0
1,39,46,5,16,3,25,58580,18,0,0,0
1,39,46,5,16,3,25,58590,18,0,0,0
1,40,46,5,16,4,25,58600,18,0,0,0
1,40,46,7,16,3,25,58610,18,0,0,0
1,39,46,5,16,3,25,58620,18,0,0,0
1,40,46,5,16,3,25,58630,18,0,0,0
1,40,46,5,16,3,25,58640,18,0,0,0
1,41,46,5,16,3,25,58650,18,0,0,0
1,39,46,5,16,3,25,58660,18,0,0,0
1,40,46,5,16,3,25,58670,18,0,0,0
1,39,46,5,16,3,25,58680,18,0,0,0
1,40,46,5,16,3,25,58690,18,0,0,0
1,39,46,5,16,3,25,58700,18,0,0,0
1,42,46,5,16,3,25,58710,18,0,0,0
1,40,46,5,16,3,25,58720,18,0,0,0
1,39,46,5,16,3,25,58730,18,0,0,0
1,40,46,5,16,3,25,58740,18,0,0,0
1,40,46,5,16,3,25,58750,18,0,0,0
1,41,46,5,16,3,25,58760,18,0,0,0
1,40,46,5,16,3,25,58770,18,0,0,0
1,41,46,5,16,3,25,58780,18,0,0,0
1,39,46,5,16,3,25,58790,18,0,0,0
1,39,46,5,16,3,25,58800,18,0,0,0
1,40,46,5,16,3,25,58810,18,0,0,0
1,39,46,5,16,3,25,58820,18,0,0,0
1,38,46,5,16,3,25,58830,18,0,0,0
1,38,46,5,16,3,25,58840,18,0,0,0
1,38,46,5,16,3,25,58850,18,0,0,0
1,38,46,5,16,3,25,58860,18,0,0,0
1,39,46,5,16,3,25,58870,18,0,0,0
1,38,46,5,16,3,25,58880,18,0,0,0
1,39,46,5,16,3,25,58890,18,0,0,0
1,39,46,5,16,3,25,58900,18,0,0,0
1,40,46,5,16,3,25,58910,18,0,0,0
1,39,46,5,16,3,25,58920,18,0,0,0
1,41,46,5,16,3,25,58930,18,0,0,0
1,39,46,5,16,3,25,58940,18,0,0,0
1,39,46,5,16,3,25,58950,18,0,0,0
1,39,46,5,16,3,25,58960,18,0,0,0
1,40,46,5,16,3,25,58970,18,0,0,0
1,40,46,5,16,3,25,58980,18,0,0,0
1,41,46,5,16,3,25,58990,18,0,0,0
1,40,46,5,16,3,25,59000,18,0,0,0
1,40,46,5,16,3,25,59010,18,0,0,0
1,40,46,5,16,3,25,59020,18,0,0,0
1,39,46,5,16,3,25,59030,18,0,0,0
1,39,46,5,16,3,25,59040,18,0,0,0
1,41,46,5,16,3,25,59050,18,0,0,0
1,40,46,5,16,3,25,59060,18,0,0,0
1,39,46,5,16,3,25,59070,18,0,0,0
1,39,46,5,16,3,25,59080,18,0,0,0
1,41,46,5,16,3,25,59090,18,0,0,0
1,40,46,5,16,3,25,59100,18,0,0,0
1,41,46,5,16,3,25,59110,18,0,0,0
1,41,46,5,16,3,25,59120,18,0,0,0
1,39,46,5,16,3,25,59130,18,0,0,0
1,40,46,5,16,3,25,59140,18,0,0,0
1,41,46,5,16,3,25,59150,18,0,0,0
1,39,46,5,16,3,25,59160,18,0,0,0
1,39,46,5,16,3,25,59170,18,0,0,0
1,40,46,5,16,3,25,59180,18,0,0,0
1,39,46,5,16,3,25,59190,18,0,0,0
1,40,46,5,16,3,25,59200,18,0,0,0
1,40,46,5,16,3,25,59210,18,0,0,0
1,39,46,5,16,3,25,59220,18,0,0,0
1,40,46,5,16,3,25,59230,18,0,0,0
1,39,46,5,16,3,25,59240,18,0,0,0
1,39,46,5,16,3,25,59250,18,0,0,0
1,40,46,5,16,3,25,59260,18,0,0,0
1,39,46,5,16,3,25,59270,18,0,0,0
1,39,46,5,16,3,25,59280,18,0,0,0
1,39,46,5,16,3,25,59290,18,0,0,0
1,39,46,5,16,3,25,59300,18,0,0,0
1,39,46,5,16,3,25,59310,18,0,0,0
1,39,46,7,16,3,25,59320,18,0,0,0
1,39,46,5,16,3,25,59330,18,0,0,0
1,39,46,7,16,3,25,59340,18,0,0,0
1,40,46,5,16,3,25,59350,18,0,0,0
1,39,46,5,16,3,25,59360,18,0,0,0
1,39,46,5,16,3,25,59370,18,0,0,0
1,40,46,5,16,3,25,59380,18,0,0,0
1,40,46,5,16,3,25,59390,18,0,0,0
1,39,46,5,16,3,25,59400,18,0,0,0
1,41,46,5,16,3,25,59410,18,0,0,0
1,40,46,5,16,3,25,59420,18,0,0,0
1,39,46,5,16,3,25,59430,18,0,0,0
1,39,46,5,16,3,25,59440,18,0,0,0
1,39,46,5,16,3,25,59450,18,0,0,0
1,39,46,5,16,3,25,59460,18,0,0,0
1,41,46,5,16,3,25,59470,18,0,0,0
1,41,46,5,16,3,25,59480,18,0,0,0
1,39,46,5,16,3,25,59490,18,0,0,0
1,39,46,5,16,3,25,59500,18,0,0,0
1,39,46,5,16,3,25,59510,18,0,0,0
1,39,46,5,16,3,25,59520,18,0,0,0
1,41,46,5,16,3,25,59530,18,0,0,0
