iTOW,gDOP,pDOP,tDOP,vDOP,hDOP,nDOP,eDOP
422479000,230,193,126,160,108,71,81
422489000,196,166,103,138,93,61,69
422499000,211,179,113,149,98,62,76
422509000,211,178,113,149,98,62,76
422519000,248,205,138,179,101,66,76
422529000,272,223,156,195,110,77,78
422539000,277,228,158,196,116,72,91
422549000,206,174,110,146,94,63,70
422559000,175,150,91,124,84,61,58
422569000,175,150,91,124,85,61,58
422579000,149,129,74,104,77,57,52
422589000,168,145,87,121,79,54,58
422599000,189,162,99,133,91,55,73
422609000,189,162,99,133,91,55,73
422619000,189,161,99,133,91,55,73
422629000,168,145,87,121,80,54,58
422639000,176,151,92,124,85,62,58
422649000,176,151,92,124,85,62,58
422659000,202,171,107,140,98,65,74
422669000,159,138,79,109,85,51,67
422679000,150,130,74,105,77,51,57
422689000,148,128,73,105,75,48,57
422699000,148,128,73,105,75,48,57
422709000,156,136,77,108,82,48,67
422719000,158,138,78,109,85,51,67
422729000,156,136,77,108,82,48,67
422739000,158,137,78,108,85,51,67
422749000,158,137,78,108,85,51,67
422759000,202,171,108,140,98,65,73
422769000,202,171,108,140,98,65,73
422779000,188,160,98,132,91,55,72
422789000,155,135,77,107,82,48,67
422799000,187,160,98,131,91,55,72
422809000,203,172,108,140,98,66,73
422819000,203,172,108,140,98,66,73
422829000,203,172,108,141,98,66,73
422839000,203,172,108,141,99,66,73
422849000,203,172,108,141,99,66,73
422859000,179,153,93,126,86,63,59
422869000,179,153,94,126,86,63,59
422879000,179,153,94,126,86,63,59
422889000,203,171,110,139,100,80,59
422899000,177,151,92,125,85,61,59
422909000,177,151,92,124,85,61,59
422919000,177,151,92,124,85,61,59
422929000,177,151,92,124,85,61,59
422939000,177,151,92,124,85,61,59
422949000,177,151,92,124,85,61,59
422959000,177,151,92,124,85,61,59
422969000,177,150,92,124,85,61,59
422979000,176,150,92,124,85,61,59
422989000,176,150,92,124,85,61,59
422999000,206,173,112,141,101,82,60
423009000,206,173,112,141,101,82,60
423019000,240,199,133,163,115,89,73
423029000,194,164,102,134,95,62,72
423039000,194,164,102,134,95,62,72
423049000,240,200,134,163,115,89,73
423059000,240,200,134,163,115,90,73
423069000,208,175,113,142,102,83,60
423079000,241,200,134,163,116,90,73
423089000,241,200,134,163,116,90,73
423099000,241,200,134,163,116,90,73
423109000,241,200,134,163,116,90,73
423119000,209,176,114,143,103,83,60
423129000,210,176,114,143,103,84,60
423139000,210,176,114,143,103,84,60
423149000,210,176,114,143,103,84,60
423159000,210,176,115,143,103,84,60
423169000,211,177,115,143,103,84,60
423179000,211,177,115,143,103,84,60
423189000,211,177,115,144,104,84,60
423199000,183,156,97,128,89,66,59
423209000,184,156,97,128,89,66,59
423219000,184,156,97,128,89,66,59
423229000,184,156,97,129,89,66,59
423239000,184,156,97,129,89,66,59
423249000,184,156,97,129,89,66,59
423259000,184,157,97,129,89,67,59
423269000,184,157,97,129,89,67,59
423279000,185,157,97,129,89,67,59
423289000,185,157,98,129,89,67,59
423299000,185,157,98,129,89,67,59
423309000,185,157,98,129,89,67,59
423319000,185,157,98,129,90,67,59
423329000,185,157,98,129,90,67,59
423339000,186,157,98,129,90,67,59
423349000,206,174,111,142,101,70,72
423359000,206,174,111,142,101,70,72
423369000,186,158,98,130,90,67,59
423379000,186,158,98,130,90,68,59
423389000,186,158,99,130,90,68,60
423399000,186,158,99,130,90,68,60
423409000,187,158,99,130,90,68,60
423419000,187,158,99,130,90,68,60
423429000,187,159,99,130,90,68,60
423439000,187,159,99,130,91,68,60
423449000,207,174,111,142,101,71,72
423459000,187,159,99,130,91,68,60
423469000,187,159,99,131,91,68,60
423479000,188,159,99,131,91,68,60
423489000,188,159,100,131,91,69,60
423499000,188,159,100,131,91,69,60
423509000,188,159,100,131,91,69,60
423519000,188,160,100,131,91,69,60
423529000,188,160,100,131,91,69,60
423539000,166,143,85,117,81,55,60
423549000,166,142,85,117,81,55,60
423559000,189,160,100,131,91,69,60
423569000,189,160,100,131,92,69,60
423579000,189,160,101,131,92,69,60
423589000,189,160,101,132,92,70,60
423599000,190,161,101,132,92,70,60
423609000,190,161,101,132,92,70,60
423619000,208,175,112,143,102,73,71
423629000,208,175,112,143,102,73,71
423639000,190,161,101,132,92,70,60
423649000,190,161,101,132,92,70,60
423659000,208,176,112,143,102,73,71
423669000,191,161,102,132,92,70,60
423679000,191,161,102,132,92,70,60
423689000,191,162,102,132,93,70,60
423699000,193,164,102,133,97,72,65
423709000,191,162,102,133,93,71,60
423719000,191,162,102,133,93,71,60
423729000,192,162,102,133,93,71,60
423739000,197,166,105,134,99,73,67
423749000,152,131,76,106,77,54,55
423759000,152,131,76,106,77,54,55
423769000,197,166,105,134,99,73,67
423779000,178,152,93,123,90,71,55
423789000,178,152,93,123,90,71,55
423799000,179,152,93,123,90,71,55
423809000,197,167,105,134,99,74,66
423819000,179,152,94,123,90,71,55
423829000,179,153,94,123,90,71,55
423839000,197,167,105,134,99,74,66
423849000,179,153,94,123,90,71,55
423859000,151,131,76,106,77,54,55
423869000,180,153,94,123,90,72,55
423879000,197,167,105,134,99,74,66
423889000,198,167,105,134,99,74,66
423899000,180,153,94,124,91,72,55
423909000,180,154,95,124,91,72,55
423919000,180,154,95,124,91,72,55
423929000,198,167,106,134,100,75,66
423939000,181,154,95,124,91,72,55
423949000,181,154,95,124,91,73,55
423959000,181,154,95,124,91,73,55
423969000,181,154,95,124,91,73,55
423979000,181,154,95,124,91,73,55
423989000,150,130,75,105,77,54,55
423999000,150,130,75,105,77,54,55
424009000,182,155,96,125,92,73,55
424019000,182,155,96,125,92,73,55
424029000,182,155,96,125,92,73,55
424039000,150,130,75,105,77,54,55
424049000,150,130,75,105,77,54,55
424059000,199,168,106,135,100,76,65
424069000,183,155,96,125,92,74,55
424079000,183,156,96,125,92,74,55
424089000,183,156,96,125,92,74,55
424099000,183,156,96,125,92,74,55
424109000,183,156,97,126,92,74,55
424119000,183,156,97,126,92,74,55
424129000,184,156,97,126,92,74,55
424139000,184,156,97,126,93,75,55
424149000,184,156,97,126,93,75,55
424159000,184,156,97,126,93,75,55
424169000,184,157,97,126,93,75,55
424179000,184,157,97,126,93,75,55
424189000,149,129,75,104,77,54,55
424199000,199,168,107,135,100,77,64
424209000,199,168,107,135,100,77,64
424219000,199,168,107,135,101,77,64
424229000,185,157,98,126,93,75,55
424239000,199,168,107,135,101,78,64
424249000,185,157,98,127,93,76,55
424259000,199,168,107,135,101,78,64
424269000,200,168,107,135,101,78,64
424279000,200,169,107,135,101,78,64
424289000,148,129,74,103,77,54,55
424299000,156,135,78,106,83,54,63
424309000,156,135,78,106,83,54,62
424319000,200,169,107,135,101,78,64
424329000,200,169,107,135,101,78,64
424339000,200,169,107,135,101,78,64
424349000,187,158,99,127,94,77,55
424359000,187,158,99,127,94,77,55
424369000,187,159,99,127,94,77,55
424379000,187,159,99,128,94,77,55
424389000,187,159,99,128,94,77,55
424399000,187,159,99,128,95,77,55
424409000,147,128,74,102,77,54,54
424419000,147,128,74,102,77,54,54
424429000,147,128,73,102,77,54,54
424439000,188,159,99,128,95,78,55
424449000,188,159,99,128,95,78,55
424459000,188,159,100,128,95,78,55
424469000,188,159,100,128,95,78,55
424479000,188,160,100,128,95,78,55
424489000,188,160,100,128,95,78,55
424499000,188,160,100,128,95,78,55
424509000,189,160,100,128,95,78,55
424519000,189,160,100,128,95,78,55
424529000,189,160,100,128,95,78,55
424539000,200,169,107,135,101,80,63
424549000,200,169,108,135,102,80,63
424559000,200,169,108,135,102,80,62
424569000,200,169,108,135,102,80,62
424579000,200,169,108,135,102,80,62
424589000,200,169,108,135,102,80,62
424599000,200,169,108,135,102,80,62
424609000,200,169,108,135,102,80,62
424619000,200,169,108,135,102,80,62
424629000,200,169,108,135,102,81,62
424639000,201,171,106,140,98,82,54
424649000,190,161,101,129,96,79,54
424659000,190,161,101,129,96,80,54
424669000,190,161,101,129,96,80,54
424679000,145,126,72,100,77,54,54
424689000,201,169,108,135,102,81,62
424699000,201,169,108,135,102,81,62
424709000,151,131,75,102,82,54,61
424719000,151,131,75,102,82,54,61
424729000,150,130,75,102,82,54,61
424739000,201,169,108,135,102,81,62
424749000,201,169,108,135,102,81,62
424759000,201,169,108,135,102,81,62
424769000,201,169,108,135,102,81,62
424779000,201,169,108,135,102,81,62
424789000,201,169,108,135,102,82,62
424799000,191,162,102,130,97,81,54
424809000,201,169,108,135,102,82,61
424819000,199,169,106,132,105,87,59
424829000,192,162,102,130,97,81,54
424839000,202,171,107,140,99,83,54
424849000,192,162,102,130,98,81,54
424859000,192,162,102,130,98,81,54
424869000,192,162,102,130,98,81,54
424879000,192,162,102,130,98,81,54
424889000,144,125,71,98,77,54,54
424899000,192,163,102,130,98,81,54
424909000,192,163,102,130,98,81,54
424919000,192,163,102,130,98,82,54
424929000,210,177,112,144,104,84,61
424939000,209,177,112,144,104,84,61
424949000,192,163,102,130,98,82,54
424959000,192,163,102,130,98,82,54
424969000,192,163,102,130,98,82,54
424979000,192,163,103,130,98,82,54
424989000,193,163,103,130,98,82,54
424999000,143,124,71,97,76,54,54
425009000,193,163,103,130,98,82,54
425019000,142,124,70,97,76,54,54
425029000,193,163,103,130,98,82,54
425039000,193,163,103,130,99,82,54
425049000,193,163,103,130,99,82,54
425059000,202,172,107,139,100,84,54
425069000,202,172,107,139,100,84,54
425079000,152,132,76,103,82,62,53
425089000,193,163,103,130,99,83,54
425099000,157,137,78,109,82,63,53
425109000,193,163,103,130,99,83,54
425119000,193,163,103,130,99,83,54
425129000,202,171,107,139,100,84,54
425139000,193,163,103,130,99,83,54
425149000,131,115,62,90,72,50,52
425159000,152,132,76,103,82,63,53
425169000,152,132,76,103,82,63,53
425179000,152,132,76,103,82,63,53
425189000,152,132,76,103,82,63,53
425199000,193,163,103,130,99,83,54
425209000,152,132,76,103,82,63,53
425219000,159,137,80,106,87,63,59
425229000,152,132,76,103,82,63,53
425239000,152,132,76,103,82,63,53
425249000,152,132,76,103,82,63,53
425259000,152,132,76,103,82,63,53
425269000,153,132,76,103,82,63,53
425279000,153,132,76,103,82,63,53
425289000,153,132,76,103,83,63,53
425299000,201,171,107,138,101,85,54
425309000,201,171,107,138,101,85,54
425319000,193,164,103,130,100,84,54
425329000,193,163,103,130,100,84,54
425339000,193,163,103,130,100,84,54
425349000,201,171,106,138,101,85,54
425359000,193,163,103,130,100,84,54
425369000,193,163,103,130,100,84,54
425379000,193,163,103,130,100,84,54
425389000,153,132,76,103,83,64,53
425399000,153,132,76,103,83,64,53
425409000,153,132,76,103,83,64,53
425419000,153,132,76,103,83,64,53
425429000,153,133,76,103,83,64,53
425439000,193,163,103,129,100,84,54
425449000,198,167,106,132,103,84,59
425459000,153,133,77,103,83,64,53
425469000,153,133,77,103,83,64,53
425479000,153,133,77,104,83,64,53
425489000,197,167,106,131,103,84,59
425499000,197,167,105,131,103,84,59
425509000,193,163,103,129,100,84,54
425519000,193,163,103,129,100,84,54
425529000,193,163,103,129,100,84,54
425539000,193,163,103,129,100,84,54
425549000,153,133,77,104,83,64,52
425559000,193,163,103,129,100,84,54
425569000,193,163,103,129,100,84,54
425579000,193,163,103,129,100,84,54
425589000,153,133,77,104,83,65,52
425599000,192,163,102,129,100,84,54
425609000,207,173,112,140,102,84,58
425619000,207,173,112,140,102,84,58
425629000,207,173,112,140,102,84,58
425639000,168,144,87,115,86,65,56
425649000,206,173,112,140,102,84,58
425659000,206,173,112,140,102,84,58
425669000,182,155,96,124,93,65,66
425679000,182,155,96,124,93,65,66
425689000,168,144,87,115,86,65,56
425699000,168,144,87,115,86,65,56
425709000,206,173,112,140,102,84,58
425719000,206,173,112,140,102,84,58
425729000,206,173,112,140,102,84,58
425739000,221,184,121,147,111,87,69
425749000,168,144,87,116,86,65,56
425759000,168,144,87,116,86,65,56
425769000,168,144,87,116,86,65,56
425779000,168,144,87,116,86,65,56
425789000,168,144,87,116,86,65,56
425799000,168,144,87,116,86,65,56
425809000,169,144,87,116,86,65,56
425819000,169,144,87,116,86,65,56
425829000,169,144,87,116,86,65,56
425839000,169,144,87,116,86,65,56
425849000,169,144,87,116,86,65,56
425859000,169,144,87,116,86,65,56
425869000,182,154,96,124,92,65,65
425879000,169,144,87,116,86,66,56
425889000,139,121,68,96,75,51,54
425899000,182,154,96,124,92,66,64
425909000,182,154,96,124,92,66,64
425919000,169,144,88,116,86,66,56
425929000,182,154,96,124,92,66,64
425939000,169,144,88,116,86,66,56
425949000,169,144,88,116,86,66,56
425959000,169,144,88,116,86,66,55
425969000,169,144,88,116,86,66,55
425979000,169,144,88,116,86,66,55
425989000,169,144,88,116,86,66,55
425999000,169,144,88,116,86,66,55
426009000,169,144,88,116,86,66,55
426019000,138,121,68,95,75,51,54
426029000,169,144,88,116,86,66,55
426039000,169,144,88,116,86,66,55
426049000,169,145,88,116,86,66,55
426059000,169,145,88,116,86,66,55
426069000,169,145,88,116,86,66,55
426079000,169,145,88,116,86,66,55
426089000,169,145,88,116,86,66,55
426099000,169,145,88,116,86,66,55
426109000,169,145,88,116,86,66,55
426119000,169,145,88,116,86,66,55
426129000,169,145,88,116,86,66,55
426139000,169,145,88,116,86,66,55
426149000,169,145,88,116,86,66,55
426159000,169,145,88,116,86,66,55
426169000,169,145,88,116,86,66,55
426179000,171,147,88,116,89,69,57
426189000,169,145,88,116,86,66,55
426199000,171,147,88,116,89,69,57
426209000,171,147,88,116,89,69,57
426219000,169,145,88,116,86,66,55
426229000,169,145,88,116,86,66,55
426239000,169,145,88,116,86,66,55
426249000,171,147,88,116,89,69,57
426259000,171,147,88,116,89,69,57
426269000,171,147,88,116,89,69,57
426279000,171,147,88,116,89,69,57
426289000,171,147,88,116,89,69,57
426299000,171,147,88,116,90,69,57
426309000,169,145,88,116,86,66,55
426319000,171,147,88,116,90,69,57
426329000,171,147,88,116,90,69,57
426339000,169,144,88,116,86,66,55
426349000,169,144,88,116,86,66,55
426359000,169,144,88,116,86,66,55
426369000,169,144,88,116,86,66,55
426379000,169,144,88,116,86,66,55
426389000,169,144,88,116,86,66,55
426399000,169,144,88,116,86,66,54
426409000,169,144,88,116,86,66,54
426419000,169,144,88,116,86,66,54
426429000,179,152,95,122,90,66,61
426439000,179,152,95,122,90,66,61
426449000,206,173,112,139,104,82,64
426459000,206,173,112,138,104,81,64
426469000,206,173,112,138,104,81,64
426479000,179,152,94,122,90,66,61
426489000,179,152,94,122,90,66,61
426499000,179,152,94,122,90,66,61
426509000,179,152,94,122,90,66,61
426519000,169,144,88,116,86,66,54
426529000,169,144,88,116,86,66,54
426539000,169,144,88,116,86,66,54
426549000,178,152,94,122,90,66,61
426559000,169,144,88,116,86,66,54
426569000,169,144,88,116,85,66,54
426579000,169,144,88,116,85,66,54
426589000,169,144,88,116,85,66,54
426599000,169,144,88,116,85,66,54
426609000,169,144,88,116,85,66,54
426619000,169,144,88,116,85,66,54
426629000,169,144,87,116,85,66,54
426639000,168,144,87,116,85,66,54
426649000,168,144,87,116,85,66,54
426659000,168,144,87,116,85,66,54
426669000,168,144,87,116,85,66,54
426679000,168,144,87,116,85,66,54
426689000,168,144,87,116,85,66,54
426699000,177,151,93,121,89,66,60
426709000,177,151,93,121,89,66,60
426719000,177,151,93,121,89,66,60
426729000,168,144,87,116,85,66,54
426739000,183,156,95,121,98,76,61
426749000,198,167,106,131,104,77,70
426759000,182,156,95,121,98,76,61
426769000,182,156,95,121,98,77,61
426779000,182,156,95,121,98,77,61
426789000,182,156,95,121,98,77,61
426799000,182,156,95,121,98,77,61
426809000,182,156,95,121,98,77,61
426819000,182,156,95,121,98,77,61
426829000,168,143,87,115,85,66,54
426839000,168,143,87,115,85,66,54
426849000,168,143,87,115,85,66,54
426859000,168,143,87,115,85,66,54
426869000,168,143,87,115,85,66,54
426879000,168,143,87,115,85,66,54
426889000,167,143,87,115,85,66,54
426899000,191,161,102,129,97,78,57
426909000,167,143,87,115,85,66,54
426919000,167,143,87,115,85,66,54
426929000,167,143,87,115,85,66,54
426939000,167,143,87,115,85,66,54
426949000,167,143,87,115,85,66,54
426959000,167,143,87,115,85,66,54
426969000,167,143,87,115,85,66,53
426979000,189,160,101,128,96,77,58
426989000,189,160,101,127,96,77,58
426999000,167,143,86,115,85,66,53
427009000,167,143,86,115,85,66,53
427019000,167,143,86,115,85,66,53
427029000,167,143,86,115,85,66,53
427039000,167,143,86,115,85,66,53
427049000,167,143,86,115,85,66,53
427059000,167,142,86,115,85,66,53
427069000,167,142,86,115,85,66,53
427079000,166,142,86,115,84,66,53
427089000,166,142,86,115,84,65,53
427099000,166,142,86,115,84,65,53
427109000,166,142,86,115,84,65,53
427119000,166,142,86,114,84,65,53
427129000,166,142,86,114,84,65,53
427139000,166,142,86,114,84,65,53
427149000,166,142,86,114,84,65,53
427159000,166,142,86,114,84,65,53
427169000,166,142,86,114,84,65,53
427179000,166,142,86,114,84,65,53
427189000,166,142,86,114,84,65,53
427199000,166,142,86,114,84,65,53
427209000,166,142,86,114,84,65,53
427219000,166,142,86,114,84,65,53
427229000,165,142,86,114,84,65,53
427239000,165,142,86,114,84,65,53
427249000,165,142,85,114,84,65,53
427259000,165,141,85,114,84,65,53
427269000,165,141,85,114,84,65,53
427279000,165,141,85,114,84,65,53
427289000,165,141,85,114,84,65,53
427299000,169,145,87,114,90,71,55
427309000,169,145,87,114,90,71,55
427319000,165,141,85,114,84,65,53
427329000,165,141,85,114,84,65,53
427339000,165,141,85,113,84,65,53
427349000,165,141,85,113,84,65,53
427359000,165,141,85,113,84,65,53
427369000,164,141,85,113,84,65,53
427379000,164,141,85,113,84,65,53
427389000,164,141,85,113,84,65,53
427399000,164,141,85,113,84,65,53
427409000,164,141,85,113,84,65,53
427419000,164,141,85,113,84,65,53
427429000,164,141,85,113,84,65,53
427439000,164,140,85,113,84,65,53
427449000,164,140,84,113,83,65,53
427459000,164,140,84,113,83,64,53
427469000,164,140,84,113,83,64,53
427479000,164,140,84,113,83,64,53
427489000,164,140,84,113,83,64,53
427499000,163,140,84,113,83,64,53
427509000,163,140,84,113,83,64,53
427519000,163,140,84,112,83,64,53
427529000,163,140,84,112,83,64,53
427539000,163,140,84,112,83,64,53
427549000,163,140,84,112,83,64,53
427559000,190,161,100,135,88,67,57
427569000,186,157,100,131,87,66,57
427579000,186,157,100,131,87,66,57
427589000,190,161,101,131,94,72,59
427599000,190,161,101,131,94,72,59
427609000,186,157,99,131,87,66,57
427619000,186,157,99,131,87,66,57
427629000,190,161,101,131,93,72,59
427639000,190,161,101,131,93,72,59
427649000,189,161,100,135,88,67,57
427659000,189,161,100,135,88,67,57
427669000,190,161,101,131,93,72,59
427679000,186,157,99,131,87,66,57
427689000,189,161,100,135,88,67,57
427699000,189,161,100,135,88,67,57
427709000,189,161,100,134,88,67,57
427719000,189,161,100,134,88,67,57
427729000,194,166,101,134,97,76,60
427739000,194,165,101,134,97,76,60
427749000,194,165,101,134,97,76,60
427759000,189,160,99,134,88,67,57
427769000,194,165,101,134,97,76,60
427779000,194,165,101,134,97,76,60
427789000,189,161,100,131,93,72,59
427799000,189,160,100,131,93,72,59
427809000,189,160,100,131,93,72,59
427819000,188,160,99,134,88,67,57
427829000,234,195,130,164,106,77,73
427839000,234,195,130,164,106,77,73
427849000,184,156,98,130,86,65,56
427859000,184,156,98,130,86,65,56
427869000,188,160,99,134,88,67,57
427879000,184,156,98,130,86,65,56
427889000,184,156,98,130,86,65,56
427899000,184,156,98,130,86,65,56
427909000,184,156,98,130,86,65,56
427919000,184,156,98,130,86,65,56
427929000,184,155,98,130,86,65,56
427939000,184,155,98,130,86,65,56
427949000,183,155,98,130,86,65,56
427959000,188,160,100,130,93,72,58
427969000,183,155,97,130,86,65,56
427979000,188,160,99,130,93,72,58
427989000,188,160,99,130,93,72,58
427999000,183,155,97,129,85,64,56
428009000,183,155,97,129,85,64,56
428019000,183,155,97,129,85,64,56
428029000,183,155,97,129,85,64,56
428039000,183,155,97,129,85,64,56
428049000,183,155,97,129,85,64,56
428059000,165,141,85,115,83,62,55
428069000,171,146,89,116,89,69,57
428079000,171,146,89,116,89,69,57
428089000,165,141,85,115,83,62,55
428099000,165,141,85,115,83,62,55
428109000,165,141,85,115,83,62,55
428119000,165,141,85,115,82,62,55
428129000,165,141,85,115,82,62,55
428139000,165,141,85,115,82,62,55
428149000,164,141,85,115,82,62,55
428159000,171,146,88,116,89,69,56
428169000,171,146,88,116,89,69,56
428179000,178,153,92,117,98,77,60
428189000,154,134,76,104,84,61,58
428199000,154,134,76,104,84,61,58
428209000,154,134,76,104,84,61,58
428219000,152,132,76,104,81,58,56
428229000,152,132,76,104,81,58,56
428239000,152,132,76,104,81,58,56
428249000,152,132,76,104,81,58,56
428259000,152,132,76,104,81,58,56
428269000,155,135,76,106,84,61,57
428279000,151,131,74,106,77,55,53
428289000,151,131,74,106,77,55,53
428299000,151,131,74,106,77,55,53
428309000,166,143,84,116,83,63,55
428319000,164,140,84,114,82,61,54
428329000,173,148,88,117,92,72,57
428339000,165,142,84,116,83,62,55
428349000,152,132,76,105,80,58,55
428359000,155,135,76,107,84,62,56
428369000,148,129,74,104,75,54,53
428379000,148,129,74,104,75,54,53
428389000,165,142,84,116,83,62,55
428399000,165,142,84,116,83,62,55
428409000,148,129,74,104,75,54,53
428419000,151,131,74,107,77,55,53
428429000,151,131,74,107,77,55,53
428439000,151,131,74,107,77,55,53
428449000,151,131,74,107,77,55,53
428459000,152,132,76,105,80,58,55
428469000,155,136,76,107,83,62,56
428479000,152,132,76,105,80,58,55
428489000,155,136,76,107,83,62,56
428499000,155,136,76,107,83,62,56
428509000,155,136,76,107,83,62,56
428519000,155,136,76,107,83,62,56
428529000,155,136,76,107,83,62,56
428539000,152,132,76,105,80,58,55
428549000,152,132,76,105,80,58,55
428559000,152,132,76,105,80,58,55
428569000,152,132,76,105,80,58,55
428579000,152,132,76,105,80,58,54
428589000,156,136,76,107,83,62,56
428599000,156,136,76,107,83,62,56
428609000,151,131,74,107,76,55,52
428619000,148,129,74,105,74,53,52
428629000,148,129,74,105,74,53,52
428639000,151,132,74,107,76,55,52
428649000,151,132,74,107,76,55,52
428659000,156,136,76,107,83,62,55
428669000,151,132,74,107,76,55,52
428679000,148,129,74,105,74,53,52
428689000,148,129,74,105,74,53,52
428699000,148,129,74,105,74,53,52
428709000,148,129,74,105,74,53,52
428719000,148,129,74,105,74,53,52
428729000,161,138,82,111,83,59,58
428739000,187,161,93,114,114,87,74
428749000,176,151,90,114,98,73,66
428759000,187,162,93,114,114,87,74
428769000,151,132,74,107,76,55,52
428779000,148,129,74,105,74,53,51
428789000,187,162,94,114,114,87,74
428799000,156,136,76,108,83,63,55
428809000,187,162,94,114,115,87,74
428819000,187,162,94,114,115,88,74
428829000,163,141,81,112,87,64,59
428839000,163,141,81,112,87,64,59
428849000,176,151,90,114,98,73,66
428859000,152,132,75,106,79,58,54
428869000,152,132,75,106,79,58,54
428879000,152,132,75,106,79,58,54
428889000,188,162,94,114,115,88,74
428899000,176,151,90,115,98,73,66
428909000,233,194,128,156,115,73,89
428919000,176,151,90,115,98,73,65
428929000,188,163,94,115,116,89,74
428939000,151,132,74,108,76,55,52
428949000,151,132,74,108,76,55,52
428959000,151,132,74,108,76,55,52
428969000,151,132,73,108,76,55,51
428979000,163,141,81,112,87,64,59
428989000,148,129,73,106,73,53,51
428999000,152,132,75,106,79,58,53
429009000,152,132,75,106,79,58,53
429019000,152,132,75,106,79,58,53
429029000,188,163,94,115,116,90,74
429039000,188,163,94,115,116,90,74
429049000,189,163,94,115,116,90,74
429059000,163,141,81,112,87,64,58
429069000,159,138,81,111,81,59,56
429079000,159,137,81,111,81,59,56
429089000,163,141,81,112,86,64,58
429099000,159,137,81,111,81,59,56
429109000,159,137,81,111,81,59,56
429119000,163,141,81,112,86,64,58
429129000,163,141,81,112,86,64,58
429139000,159,137,80,111,81,59,56
429149000,159,137,80,111,81,59,56
429159000,162,141,81,112,86,64,58
429169000,162,141,81,112,86,64,58
429179000,208,177,110,146,99,67,72
429189000,162,141,80,112,86,64,58
429199000,162,141,80,112,86,64,58
429209000,162,141,80,112,86,64,58
429219000,152,133,74,105,82,56,59
429229000,152,133,74,105,82,56,59
429239000,152,133,74,105,82,56,59
429249000,143,125,69,102,73,50,52
429259000,143,125,69,102,73,50,52
429269000,143,125,69,102,72,50,52
429279000,152,132,75,106,78,58,52
429289000,152,132,75,106,78,58,52
429299000,152,132,75,106,78,58,52
429309000,147,128,73,106,72,52,50
429319000,147,128,73,106,72,52,50
429329000,147,128,73,106,72,52,50
429339000,147,128,73,106,72,52,50
429349000,141,123,68,103,69,47,50
429359000,141,123,68,103,69,47,50
429369000,147,128,73,106,72,52,50
429379000,141,123,68,103,69,47,50
429389000,141,124,68,103,69,47,50
429399000,141,124,68,103,69,47,50
429409000,147,128,72,106,72,52,50
429419000,151,132,74,106,78,58,52
429429000,151,132,74,106,78,58,52
429439000,151,132,74,106,78,58,52
429449000,151,132,74,106,78,58,52
429459000,151,132,74,106,78,58,52
429469000,151,132,74,106,78,58,52
429479000,147,128,72,106,72,52,50
429489000,151,132,74,106,78,58,52
429499000,151,132,74,106,78,58,52
429509000,151,132,74,106,78,58,52
429519000,162,140,82,112,84,64,54
429529000,151,132,74,106,78,58,52
429539000,151,132,74,106,78,58,52
429549000,151,132,74,106,78,58,52
429559000,166,144,82,113,90,72,55
429569000,166,144,82,113,90,72,55
429579000,166,144,81,113,90,72,55
429589000,166,144,81,113,90,72,55
429599000,155,134,77,110,77,56,53
429609000,147,128,72,106,72,52,49
429619000,155,137,74,108,84,65,53
429629000,155,137,74,108,84,65,53
429639000,155,137,74,108,84,65,53
429649000,155,137,74,108,84,65,53
429659000,146,128,72,106,72,52,49
429669000,151,131,74,106,77,58,51
429679000,146,128,72,106,72,52,49
429689000,151,131,74,106,77,58,51
429699000,151,131,74,106,77,58,51
429709000,155,137,74,108,84,65,53
429719000,155,137,74,108,84,65,53
429729000,155,137,74,108,84,65,53
429739000,155,137,74,108,84,65,53
429749000,146,127,71,106,71,52,49
429759000,150,131,74,106,77,58,51
429769000,155,137,73,108,84,65,53
429779000,150,131,73,106,77,58,51
429789000,155,137,73,108,84,65,53
429799000,150,131,73,106,77,58,51
429809000,150,131,73,106,77,58,51
429819000,155,136,73,108,84,65,53
429829000,157,138,74,108,87,65,57
429839000,150,131,73,106,77,58,51
429849000,150,131,73,106,77,58,51
429859000,155,136,73,108,84,65,53
429869000,155,136,73,108,84,65,53
429879000,150,131,73,106,77,58,51
429889000,155,136,73,108,84,65,53
429899000,146,127,71,105,71,52,49
429909000,145,127,71,105,71,52,49
429919000,155,136,73,108,84,65,53
429929000,155,134,77,109,78,58,53
429939000,191,167,93,114,123,100,71
429949000,191,167,93,113,123,100,71
429959000,191,167,93,113,123,100,71
429969000,191,167,92,113,123,100,71
429979000,170,147,86,113,94,73,60
429989000,191,167,92,113,123,100,71
429999000,154,136,73,108,84,65,52
430009000,230,193,124,162,106,75,74
430019000,202,175,100,146,97,76,59
430029000,202,175,100,146,97,76,59
430039000,246,209,130,162,132,102,84
430049000,202,176,100,146,97,77,59
430059000,202,176,100,147,97,77,59
430069000,229,193,124,162,105,76,73
430079000,192,165,98,142,84,61,58
430089000,198,172,100,147,89,66,59
430099000,218,186,113,156,102,72,72
430109000,192,165,98,142,84,61,58
430119000,199,172,100,147,89,67,59
430129000,199,172,100,147,89,67,59
430139000,199,172,100,148,89,67,59
430149000,196,168,100,143,89,68,58
430159000,196,168,100,143,89,68,58
430169000,196,168,100,143,89,68,58
430179000,204,177,101,148,98,78,59
430189000,204,178,101,148,98,78,59
430199000,204,178,101,148,98,78,58
430209000,204,178,101,149,98,78,58
430219000,200,173,100,149,89,67,58
430229000,205,178,101,149,98,79,58
430239000,205,178,101,149,98,79,58
430249000,197,169,100,144,89,68,58
430259000,197,169,100,144,89,68,58
430269000,205,179,101,149,98,79,58
430279000,205,179,101,150,98,79,58
430289000,197,170,100,144,89,68,57
430299000,206,179,101,150,98,79,58
430309000,206,179,101,150,98,79,58
430319000,197,170,100,145,89,68,57
430329000,197,170,101,145,89,68,57
430339000,198,170,101,145,89,68,57
430349000,246,210,127,163,133,106,80
430359000,246,211,127,163,133,106,80
430369000,206,176,108,153,85,60,61
430379000,194,167,98,144,85,64,55
430389000,198,170,101,145,89,69,57
430399000,229,193,122,163,103,76,69
430409000,209,179,109,154,90,66,61
430419000,209,179,109,154,90,66,61
430429000,215,185,109,157,98,76,62
430439000,215,186,109,158,98,76,62
430449000,215,186,109,158,98,76,61
430459000,207,176,108,154,85,60,60
430469000,195,168,99,145,85,65,55
430479000,204,177,101,152,91,72,55
430489000,246,211,126,164,134,108,78
430499000,246,211,126,164,134,108,78
430509000,210,179,109,155,90,67,60
430519000,216,186,109,158,98,77,61
430529000,300,251,165,186,169,120,119
430539000,246,212,126,164,134,109,78
430549000,246,212,126,164,134,109,77
430559000,210,183,102,153,100,82,57
430569000,210,183,102,154,100,82,57
430579000,246,212,125,164,134,110,77
430589000,206,179,101,154,91,74,54
430599000,206,179,101,154,92,74,54
430609000,246,212,125,164,134,110,77
430619000,206,179,101,154,92,74,54
430629000,206,180,101,154,92,74,54
430639000,225,192,117,163,102,75,69
430649000,197,170,99,147,85,66,54
430659000,200,173,101,148,90,70,56
430669000,246,212,125,164,134,111,76
430679000,211,185,102,155,101,84,56
430689000,212,185,102,155,101,84,56
430699000,246,213,124,165,135,111,76
430709000,212,185,102,156,101,84,56
430719000,205,178,102,154,90,70,56
430729000,246,213,124,165,135,112,75
430739000,205,178,103,154,90,70,56
430749000,212,186,103,156,101,84,56
430759000,246,213,124,165,135,112,75
430769000,246,213,124,165,135,112,75
430779000,221,187,117,164,91,65,64
430789000,246,213,124,165,135,113,75
430799000,246,213,123,165,135,113,75
430809000,213,187,103,157,102,85,56
430819000,214,187,103,157,102,85,56
430829000,214,187,103,157,102,85,56
430839000,209,183,102,157,93,76,54
430849000,209,183,102,157,93,76,53
430859000,210,183,102,158,93,76,53
430869000,220,192,107,160,107,86,64
430879000,214,188,103,158,102,86,55
430889000,215,188,103,158,102,86,55
430899000,215,188,103,158,102,86,55
430909000,228,194,120,165,101,78,64
430919000,228,194,120,165,101,78,64
430929000,247,214,122,166,136,115,73
430939000,227,194,117,166,102,77,67
430949000,247,215,122,166,136,115,73
430959000,228,196,118,166,104,77,69
430969000,247,215,122,166,136,115,73
430979000,249,216,123,166,139,116,76
430989000,249,216,122,166,139,116,76
430999000,249,216,122,166,139,116,76
431009000,249,216,122,166,139,116,76
431019000,222,193,109,164,102,83,60
431029000,222,193,109,164,102,83,60
431039000,222,193,109,164,102,83,60
431049000,222,193,109,164,102,83,60
431059000,249,217,122,166,139,117,75
431069000,249,217,122,167,139,117,75
431079000,249,217,122,167,139,117,75
431089000,249,217,122,167,139,117,75
431099000,249,217,121,167,140,118,75
431109000,223,190,118,166,92,66,64
431119000,229,196,118,167,104,78,68
431129000,229,196,118,167,104,78,68
431139000,223,194,109,165,103,84,59
431149000,222,194,109,165,102,84,57
431159000,222,194,109,165,102,84,57
431169000,222,194,109,165,102,84,57
431179000,228,195,118,167,102,78,65
431189000,228,195,118,167,102,78,65
431199000,248,217,120,167,138,119,70
431209000,248,217,120,167,138,119,70
431219000,248,217,120,167,138,119,70
431229000,233,202,116,169,112,85,72
431239000,223,192,115,165,97,71,66
431249000,231,201,115,169,108,85,66
431259000,233,203,116,169,112,86,72
431269000,231,201,115,169,108,85,66
431279000,223,191,114,165,97,73,65
431289000,213,184,108,160,91,72,56
431299000,224,195,109,166,103,86,56
431309000,215,186,108,162,92,71,58
431319000,248,218,119,168,139,121,69
431329000,247,209,131,177,110,80,76
431339000,227,195,117,167,101,80,61
431349000,248,218,119,168,139,121,69
431359000,249,218,119,168,139,121,69
431369000,227,195,117,167,101,80,61
431379000,227,195,117,167,101,80,60
431389000,249,219,118,168,140,122,69
431399000,228,195,117,167,102,79,64
431409000,249,219,118,168,140,122,68
431419000,227,195,117,167,101,81,60
431429000,249,219,118,169,140,122,68
431439000,249,219,118,169,140,122,68
431449000,249,219,118,169,140,123,68
431459000,249,219,118,169,140,123,68
431469000,249,219,118,169,140,123,68
431479000,249,220,118,169,140,123,68
431489000,227,195,117,166,102,80,63
431499000,227,195,117,166,102,80,63
431509000,249,220,117,169,141,123,67
431519000,308,262,161,221,141,124,68
431529000,308,263,162,221,141,124,68
431539000,279,240,142,213,110,92,60
431549000,265,225,139,203,96,76,59
431559000,279,240,142,214,110,92,60
431569000,268,228,141,207,96,76,60
431579000,272,232,143,208,103,76,69
431589000,293,246,159,223,104,82,65
431599000,280,241,143,215,110,93,60
431609000,311,265,163,224,142,125,68
431619000,351,295,191,236,176,145,100
431629000,351,295,191,236,176,145,100
431639000,312,266,163,224,142,125,67
431649000,312,266,163,225,142,125,67
431659000,295,248,161,225,104,82,64
431669000,313,267,163,225,142,126,67
431679000,313,267,163,226,143,126,67
431689000,313,267,164,226,143,126,67
431699000,317,272,164,229,147,127,72
431709000,318,272,164,229,147,128,72
431719000,318,273,164,230,147,128,72
431729000,300,252,162,229,104,83,64
431739000,274,234,142,212,99,76,64
431749000,290,251,146,224,115,95,64
431759000,320,274,165,231,147,128,72
431769000,291,252,146,224,115,96,64
431779000,292,252,146,225,115,96,64
431789000,292,253,146,225,115,96,64
431799000,292,253,146,225,115,96,64
431809000,246,211,126,190,91,68,61
431819000,275,235,143,213,100,78,62
431829000,271,231,142,209,98,79,58
431839000,294,254,147,226,116,97,64
431849000,280,239,144,214,108,79,73
431859000,298,259,148,227,125,97,78
431869000,275,235,142,213,100,77,64
431879000,295,256,147,228,117,97,64
431889000,275,235,142,213,100,77,64
431899000,263,222,140,203,90,69,58
431909000,275,235,142,213,100,77,64
431919000,275,235,142,213,100,77,64
431929000,275,235,142,213,100,77,64
431939000,307,258,166,234,107,83,68
431949000,326,280,167,237,149,131,72
431959000,269,229,141,208,97,77,60
431969000,269,229,141,208,97,77,60
431979000,275,235,142,213,100,77,64
431989000,275,235,142,213,100,77,64
431999000,275,235,142,213,100,77,64
432009000,275,235,142,213,100,77,64
432019000,275,235,142,213,101,77,64
432029000,275,235,142,213,101,77,64
432039000,275,235,142,213,101,78,64
432049000,275,235,142,213,101,78,64
432059000,275,235,142,213,101,78,64
432069000,275,235,142,213,101,78,64
432079000,275,235,142,213,101,78,64
432089000,275,235,142,213,101,78,64
432099000,275,235,142,213,101,78,64
432109000,275,235,142,213,101,78,64
432119000,275,235,142,213,101,78,64
432129000,275,235,142,213,101,78,64
432139000,304,264,150,235,121,102,65
432149000,304,264,150,235,121,102,65
432159000,275,235,142,212,101,78,65
432169000,267,228,139,206,98,78,60
432179000,267,228,139,206,98,78,60
432189000,267,228,139,206,98,78,60
432199000,267,228,139,206,98,78,60
432209000,267,228,139,206,98,78,60
432219000,267,228,139,206,98,78,60
432229000,267,228,139,206,98,78,60
432239000,267,228,139,205,98,78,60
432249000,267,228,139,205,98,78,60
432259000,266,227,139,205,98,78,60
432269000,328,281,170,240,146,131,64
432279000,296,257,147,228,119,102,60
432289000,308,269,151,239,123,104,66
432299000,286,246,146,223,104,83,63
432309000,266,227,138,205,98,78,60
432319000,273,235,141,211,102,78,65
432329000,273,234,140,211,102,78,65
432339000,273,234,140,211,102,78,65
432349000,265,226,138,204,98,78,60
432359000,273,234,140,211,102,78,65
432369000,265,226,138,204,98,78,60
432379000,265,226,138,204,98,78,60
432389000,273,234,140,211,102,78,65
432399000,264,226,137,203,98,78,60
432409000,267,228,139,207,95,70,64
432419000,267,228,139,207,95,70,64
432429000,272,234,140,210,102,78,65
432439000,266,227,139,207,95,70,64
432449000,272,233,139,210,102,78,66
432459000,263,225,137,202,98,78,60
432469000,272,233,139,210,102,78,66
432479000,272,233,139,210,102,78,66
432489000,303,253,166,236,92,71,59
432499000,303,253,166,236,92,71,59
432509000,303,253,166,236,92,71,59
432519000,312,260,172,238,104,84,61
432529000,318,267,174,244,108,84,67
432539000,312,260,172,239,104,84,61
432549000,270,232,138,209,102,78,66
432559000,312,260,172,239,104,84,61
432569000,270,232,138,208,103,78,66
432579000,270,232,138,208,103,78,66
432589000,261,223,135,200,99,78,60
432599000,260,223,135,200,99,78,60
432609000,269,232,138,208,103,79,66
432619000,260,222,134,199,99,78,60
432629000,260,222,134,199,99,78,60
432639000,259,222,134,199,99,78,60
432649000,259,222,134,199,99,78,60
432659000,259,222,134,199,99,78,60
432669000,170,148,83,124,80,59,55
432679000,209,176,112,150,93,73,57
432689000,209,177,112,150,93,74,57
432699000,193,166,100,143,83,59,59
432709000,211,179,112,151,96,74,62
432719000,211,179,112,151,96,74,62
432729000,211,179,112,151,96,74,62
432739000,212,179,113,151,96,74,62
432749000,212,179,113,151,96,74,62
432759000,212,179,113,151,96,74,61
432769000,210,177,113,151,93,74,57
432779000,210,178,113,151,93,74,57
432789000,194,166,100,144,83,59,59
432799000,194,166,100,144,83,59,59
432809000,170,149,82,126,79,54,58
432819000,194,166,100,144,83,59,59
432829000,194,166,100,144,83,59,59
432839000,213,180,113,152,96,74,61
432849000,213,180,114,153,96,74,61
432859000,213,181,114,153,96,75,61
432869000,213,181,114,153,96,75,61
432879000,214,181,114,153,96,75,61
432889000,237,197,132,165,108,80,71
432899000,237,197,132,165,108,81,71
432909000,245,203,136,166,118,82,84
432919000,238,197,132,166,108,81,71
432929000,238,198,132,166,108,81,71
432939000,238,198,132,166,108,81,71
432949000,194,167,100,144,83,59,59
432959000,194,167,100,144,83,59,59
432969000,215,182,115,154,97,75,61
432979000,200,170,105,146,87,59,63
432989000,189,163,95,137,88,52,71
432999000,247,205,137,167,118,84,84
433009000,185,160,94,137,82,52,63
433019000,200,170,105,146,87,59,63
433029000,247,205,138,168,118,84,83
433039000,214,180,115,154,94,76,56
433049000,214,181,115,154,94,76,56
433059000,248,206,138,169,118,84,83
433069000,216,183,116,155,97,76,60
433079000,217,183,116,155,97,76,60
433089000,217,183,116,155,97,76,60
433099000,189,163,96,139,85,59,60
433109000,215,181,116,155,94,76,56
433119000,217,183,116,156,97,76,60
433129000,217,184,116,156,97,76,60
433139000,200,173,100,147,90,69,59
433149000,232,197,123,156,121,107,55
433159000,195,167,100,145,83,59,58
433169000,195,167,100,145,83,59,58
433179000,218,184,117,156,97,76,60
433189000,200,173,100,148,90,69,58
433199000,197,170,100,145,88,69,54
433209000,235,200,123,157,125,109,60
433219000,235,201,123,157,125,109,60
433229000,252,209,141,172,119,87,82
433239000,253,209,141,172,119,87,82
433249000,253,210,142,172,120,87,82
433259000,236,201,123,157,125,109,60
433269000,219,185,117,157,97,77,60
433279000,219,185,117,158,98,77,60
433289000,191,164,97,141,84,60,60
433299000,220,185,118,158,98,77,60
433309000,189,162,97,140,81,60,55
433319000,198,173,98,146,93,71,60
433329000,236,201,124,158,125,109,60
433339000,220,186,118,158,98,77,60
433349000,190,162,98,141,81,60,55
433359000,190,162,98,141,81,60,55
433369000,221,186,118,158,98,78,60
433379000,219,184,118,158,95,77,55
433389000,234,198,123,158,120,107,55
433399000,200,174,98,147,93,71,60
433409000,209,180,107,149,101,74,68
433419000,217,188,109,150,114,78,83
433429000,221,187,119,159,98,78,59
433439000,234,199,123,159,120,107,55
433449000,237,202,124,159,124,109,60
433459000,201,174,99,148,93,71,60
433469000,210,180,108,150,100,74,67
433479000,198,171,99,146,89,70,54
433489000,234,199,124,159,120,106,54
433499000,352,288,202,194,212,185,104
433509000,211,181,108,151,100,74,67
433519000,237,202,124,160,124,109,60
433529000,234,199,124,159,119,106,54
433539000,294,243,166,184,159,142,71
433549000,294,243,166,184,158,142,71
433559000,294,243,166,184,158,142,71
433569000,294,243,166,184,158,142,71
433579000,227,188,126,153,110,88,66
433589000,195,165,103,136,94,78,53
433599000,195,165,103,136,94,78,53
433609000,195,165,103,136,94,78,53
433619000,211,179,111,137,116,103,53
433629000,211,179,111,137,116,103,53
433639000,195,165,104,136,94,78,53
433649000,195,166,104,136,94,78,53
433659000,196,166,104,136,94,78,52
433669000,173,150,86,125,83,65,52
433679000,173,150,86,125,83,65,52
433689000,277,228,158,167,155,139,68
433699000,277,228,158,167,155,139,68
433709000,278,228,158,167,155,139,68
433719000,278,228,158,167,155,139,68
433729000,278,228,158,168,155,139,67
433739000,190,163,99,132,95,70,64
433749000,190,163,99,132,95,70,64
433759000,170,146,87,124,78,58,52
433769000,197,167,105,138,94,79,52
433779000,211,180,111,138,115,103,52
433789001,211,180,111,138,115,103,52
433799000,211,180,111,138,115,102,52
433809000,211,180,111,138,115,102,52
433819000,278,228,158,169,154,139,66
433829000,348,281,206,190,207,184,95
433839000,278,228,158,169,154,139,66
433849000,278,229,158,169,154,139,66
433859000,349,281,206,190,207,184,95
433869000,349,281,206,190,207,184,95
433879000,278,229,158,169,154,139,66
433889000,214,183,112,139,119,104,56
433899000,214,183,112,139,118,104,56
433909000,200,170,106,139,97,80,56
433919000,200,170,106,139,97,80,56
433929000,174,150,88,126,81,59,56
433939000,212,180,111,139,114,102,52
433949000,199,169,106,139,95,80,52
433959000,199,169,106,140,95,80,52
433969000,199,169,106,140,95,80,52
433979000,201,171,107,140,98,80,56
433989000,201,171,107,140,98,80,56
433999000,352,284,208,193,208,186,93
434009000,202,171,107,140,98,80,56
434019000,202,171,107,140,98,80,56
434029000,174,149,89,127,78,59,51
434039000,191,162,101,136,88,63,62
434049000,198,168,105,137,97,64,73
434059000,198,168,105,137,97,64,73
434069000,171,147,86,123,82,58,57
434079000,171,147,86,123,82,58,57
434089000,278,229,158,171,152,138,64
434099000,256,210,146,168,126,102,75
434109000,278,229,158,172,152,138,63
434119000,241,199,135,164,113,95,61
434129000,193,163,103,138,88,63,61
434139000,278,229,158,172,152,138,63
434149000,278,229,158,172,152,138,63
434159000,242,200,136,165,113,95,61
434169000,258,212,147,170,127,103,74
434179000,242,200,136,165,113,96,61
434189000,242,200,136,165,114,96,61
434199000,243,201,137,165,114,96,61
434209000,243,201,137,166,114,96,61
434219000,243,201,137,166,114,96,61
434229000,176,151,91,130,78,60,50
434239000,177,151,91,130,78,60,50
434249000,202,171,108,142,96,81,51
434259000,203,171,108,142,96,81,51
434269000,244,202,138,167,114,97,60
434279000,245,202,138,167,114,97,60
434289000,245,202,138,167,114,97,60
434299000,177,152,91,130,78,60,50
434309000,177,152,91,130,78,60,50
434319000,216,181,118,153,96,65,71
434329000,197,166,105,141,88,65,60
434339000,197,166,105,141,88,65,60
434349000,197,167,105,141,88,65,60
434359000,197,167,105,142,88,65,60
434369000,197,167,106,142,88,65,59
434379000,186,159,97,136,83,62,54
434389000,218,182,119,155,96,65,70
434399000,198,167,106,142,88,65,59
434409000,248,205,140,169,115,99,59
434419000,198,168,106,143,88,65,59
434429000,248,205,140,170,115,99,59
434439000,268,220,154,177,131,109,73
434449000,269,220,154,177,131,109,73
434459000,163,142,80,115,83,63,54
434469000,199,168,107,143,88,66,59
434479000,270,221,155,178,131,110,72
434489000,200,169,107,144,88,66,59
434499000,250,207,141,171,116,100,59
434509000,250,207,141,171,116,100,59
434519000,251,207,141,171,116,100,59
434529000,251,207,141,172,116,100,59
434539000,201,169,108,145,88,66,59
434549000,201,170,108,145,88,66,58
434559000,201,170,108,145,88,66,58
434569000,273,224,157,180,133,112,72
434579000,274,224,157,180,133,112,72
434589000,216,185,112,145,115,101,55
434599000,207,176,110,145,99,83,55
434609000,275,225,158,181,134,113,72
434619000,202,171,109,146,89,67,58
434629000,210,177,113,147,98,70,69
434639000,210,177,113,147,98,70,69
434649000,277,226,159,182,134,114,71
434659000,277,226,159,182,134,114,71
434669000,277,227,160,183,134,114,71
434679000,254,210,143,174,117,102,58
434689000,254,210,144,174,117,102,58
434699000,277,229,156,177,145,133,58
434709000,212,178,114,148,99,71,69
434719000,160,139,78,117,75,54,51
434729000,255,211,144,175,117,102,58
434739000,255,211,144,175,117,102,57
434749000,205,173,110,148,89,68,57
434759000,205,173,110,148,89,68,57
434769000,205,173,111,148,89,68,57
434779000,206,173,111,149,89,68,57
434789000,206,173,111,149,89,68,57
434799000,206,173,111,149,89,68,57
434809000,279,228,160,192,123,103,67
434819000,297,244,169,194,148,132,68
434829000,228,190,126,164,96,69,67
434839000,229,190,126,164,96,69,67
434849000,229,191,127,165,96,69,67
434859000,229,191,127,165,96,69,67
434869000,229,191,127,165,96,69,67
434879000,230,191,127,165,96,69,67
434889000,230,191,127,166,96,69,66
434899000,230,192,127,166,96,69,66
434909000,230,192,128,166,96,69,66
434919000,231,192,128,166,96,69,66
434929000,231,192,128,166,96,70,66
434939000,193,165,101,142,83,64,53
434949000,209,176,113,151,90,70,56
434959000,163,142,81,121,74,52,53
434969000,172,151,83,130,77,55,53
434979000,163,142,81,121,74,52,53
434989000,164,142,81,121,75,55,51
434999000,161,141,77,120,73,51,53
435009000,158,138,77,119,70,51,48
435019000,158,138,77,119,70,51,48
435029000,160,140,79,120,72,54,48
435039000,161,140,79,120,72,55,48
435049000,211,177,114,153,90,70,56
435059000,211,178,114,153,90,71,56
435069000,211,178,114,153,90,71,56
435079000,221,185,120,155,101,75,67
435089000,221,185,120,155,101,75,67
435099000,212,178,115,154,90,71,56
435109000,166,144,82,123,75,56,51
435119000,169,147,83,124,79,56,56
435129000,166,144,83,123,76,56,51
435139000,222,186,121,156,101,76,66
435149000,222,186,121,157,101,76,66
435159000,223,186,121,157,101,76,66
435169000,223,187,122,157,101,76,66
435179000,223,187,122,157,101,77,66
435189000,214,180,116,155,90,72,55
435199000,214,180,116,155,90,72,55
435209000,224,187,122,158,101,77,66
435219000,214,180,116,156,91,72,55
435229000,224,188,122,158,102,77,66
435239000,224,188,123,158,102,77,66
435249000,225,188,123,158,102,78,66
435259000,215,181,117,156,91,72,55
435269000,188,161,98,140,80,64,48
435279000,188,161,98,140,80,64,48
435289000,226,189,123,159,102,78,66
435299000,189,161,98,140,80,64,48
435309000,226,189,124,159,102,78,66
435319000,226,190,124,160,102,78,66
435329000,227,190,124,160,102,79,65
435339000,191,163,98,140,84,65,53
435349000,227,190,124,160,102,79,65
435359000,227,190,125,160,102,79,65
435369000,217,182,118,158,91,73,54
435379000,191,164,99,141,84,65,53
435389000,189,162,98,141,80,64,48
435399000,218,183,118,158,91,73,54
435409000,218,183,118,159,91,73,54
435419000,218,183,118,159,91,73,54
435429000,218,183,119,159,91,74,54
435439000,218,183,119,159,91,74,54
435449000,219,184,119,159,91,74,54
435459000,192,164,99,141,84,65,53
435469000,230,193,126,162,103,80,65
435479000,219,184,119,160,92,74,54
435489000,219,184,119,160,92,74,54
435499000,220,184,119,160,92,74,54
435509000,220,184,119,160,92,74,54
435519000,220,185,119,160,92,74,54
435529000,232,194,127,163,104,81,65
435539000,232,194,127,164,104,81,65
435549000,232,194,127,164,104,82,64
435559000,221,185,120,161,92,75,54
435569000,221,185,120,161,92,75,54
435579000,221,185,120,161,92,75,54
435589000,191,163,99,142,81,64,49
435599000,193,165,99,142,84,66,53
435609000,234,195,128,165,104,82,64
435619000,247,205,138,181,97,75,61
435629000,222,186,121,162,92,75,54
435639000,222,186,121,162,92,75,54
435649000,222,186,121,162,92,75,54
435659000,309,252,178,203,149,134,66
435669000,222,187,121,162,92,75,53
435679000,185,160,92,132,90,70,56
435689000,185,160,93,133,90,70,56
435699000,309,252,178,203,150,135,65
435709000,236,197,130,167,105,84,64
435719000,289,236,167,203,120,87,83
435729000,223,187,121,163,93,76,53
435739000,290,236,168,203,120,87,83
435749000,237,198,130,167,106,84,64
435759000,310,253,179,204,150,136,65
435769000,186,161,93,134,90,70,56
435779000,186,161,94,134,90,70,56
435789000,187,161,94,134,90,70,56
435799000,187,162,94,134,90,70,56
435809000,187,162,94,134,90,70,56
435819000,187,162,94,134,90,70,56
435829000,169,147,82,127,75,56,50
435839000,173,151,85,128,79,60,52
435849000,169,148,82,127,75,56,50
435859000,174,151,85,129,79,60,52
435869000,174,151,85,129,79,60,52
435879000,181,157,90,130,88,70,53
435889000,174,152,85,128,83,65,52
435899000,169,148,82,127,75,56,50
435909000,209,178,110,148,99,83,55
435919000,210,178,110,148,100,83,55
435929000,185,160,93,136,84,67,51
435939000,185,160,93,136,84,67,51
435949000,210,179,110,149,100,83,55
435959000,256,214,140,167,135,123,55
435969000,256,215,140,167,135,123,55
435979000,256,215,140,167,135,123,55
435989000,186,160,93,136,84,67,51
435999000,186,160,93,137,84,67,51
436009000,212,180,111,150,101,84,55
436019000,207,177,107,147,99,82,54
436029000,176,153,87,132,78,58,52
436039000,195,167,100,144,86,67,53
436049000,177,154,87,131,80,61,52
436059000,175,151,88,130,77,60,49
436069000,213,181,112,150,101,85,55
436079000,158,139,74,119,73,51,52
436089000,178,154,88,132,81,61,52
436099000,164,144,78,121,78,56,54
436109000,178,155,88,132,81,61,52
436119000,178,155,88,132,81,62,52
436129000,197,169,101,145,87,63,59
436139000,188,163,94,135,92,73,56
436149000,189,163,94,135,92,73,56
436159000,215,183,112,152,102,84,58
436169000,180,157,87,131,87,68,54
436179000,189,164,95,136,92,73,55
436189000,273,227,152,179,140,127,60
436199000,204,175,104,146,96,75,61
436209000,162,143,76,120,77,56,53
436219000,168,148,80,122,83,63,55
436229000,162,143,76,121,77,56,53
436239000,168,148,80,122,83,63,55
436249000,165,145,79,122,78,56,54
436259000,218,185,115,153,104,88,56
436269000,218,185,115,153,104,88,56
436279000,166,146,79,123,78,57,54
436289000,174,151,85,131,77,58,51
436299000,174,152,85,131,77,58,51
436309000,219,186,115,154,104,88,56
436319000,187,162,94,137,85,68,52
436329000,210,179,111,153,93,79,50
436339000,167,146,80,123,79,57,54
436349000,187,162,94,137,85,68,52
436359000,187,162,94,137,85,68,52
436369000,167,146,80,123,79,57,54
436379000,187,162,94,137,85,68,52
436389000,187,162,94,137,85,68,52
436399000,167,147,80,124,79,57,54
436409000,191,165,97,140,87,68,53
436419000,191,165,97,140,87,68,53
436429000,172,150,84,126,81,58,57
436439000,187,162,94,138,85,68,52
436449000,222,188,117,155,106,90,56
436459000,168,147,81,124,79,57,54
436469000,222,189,117,156,106,91,56
436479000,164,144,78,123,75,53,52
436489000,164,144,78,123,75,54,52
436499000,175,153,86,132,78,58,51
436509000,158,139,76,120,69,50,48
436519000,176,153,86,132,78,58,51
436529000,164,144,78,124,74,52,53
436539000,164,144,78,124,74,52,53
436549000,169,148,82,125,79,58,55
436559000,164,144,78,124,74,52,53
436569000,164,144,79,124,74,52,53
436579000,168,147,81,126,76,54,54
436589000,171,149,85,128,77,57,52
436599000,174,152,85,128,82,58,57
436609000,174,152,85,128,82,58,57
436619000,169,148,81,127,76,54,54
436629000,175,152,85,129,82,59,57
436639000,240,202,130,168,111,94,60
436649000,240,202,130,168,112,94,60
436659000,185,159,94,138,80,62,50
436669000,187,162,94,138,84,65,53
436679000,226,192,119,158,109,93,56
436689000,226,192,119,158,109,93,56
436699000,187,162,94,139,84,65,53
436709000,188,162,94,139,84,65,53
436719000,186,160,94,139,80,63,50
436729000,188,162,94,139,84,66,53
436739000,188,163,95,139,84,66,53
436749000,188,163,95,139,84,66,53
436759000,227,193,120,158,110,94,56
436769000,188,163,95,139,84,66,53
436779000,189,163,95,139,84,66,53
436789000,189,163,95,139,85,66,53
436799000,189,163,95,140,85,66,53
436809000,189,163,95,140,85,66,53
436819000,228,193,120,159,110,95,56
436829000,228,193,120,159,111,95,56
436839000,228,193,120,159,111,95,57
436849000,228,194,120,159,111,95,57
436859000,190,164,96,140,85,66,53
436869000,168,147,81,127,75,53,53
436879000,228,194,120,159,111,96,57
436889000,168,147,81,127,75,53,53
436899000,168,148,81,127,75,53,53
436909000,173,152,84,128,81,59,55
436919000,169,148,81,127,75,53,53
436929000,169,148,81,127,75,53,53
436939000,191,165,96,141,85,67,53
436949000,169,148,82,128,75,53,53
436959000,169,148,82,128,75,53,53
436969000,191,165,96,141,86,67,53
436979000,169,148,82,128,75,53,53
436989000,191,165,97,141,86,67,53
436999000,229,195,121,159,112,97,57
437009000,229,195,121,159,112,97,57
437019000,230,195,121,159,112,97,57
437029000,230,195,121,160,112,97,57
437039000,230,195,121,160,113,97,57
437049000,230,195,121,160,113,97,57
437059000,230,195,121,160,113,97,57
437069000,230,195,121,160,113,97,57
437079000,230,195,121,160,113,97,57
437089000,230,196,121,160,113,98,57
437099000,230,196,121,160,113,98,57
437109000,230,196,121,160,113,98,57
437119000,230,196,121,160,113,98,57
437129000,213,182,111,155,95,80,51
437139000,193,167,98,142,87,68,53
437149000,213,182,111,155,95,80,51
437159000,230,196,121,160,114,98,57
437169000,230,196,121,160,114,98,57
437179000,230,196,121,160,114,98,57
437189000,230,196,121,160,114,98,57
437199000,230,196,121,160,114,98,57
437209000,255,214,139,179,117,101,60
437219000,231,196,121,160,114,99,57
437229000,204,175,105,152,88,69,54
437239000,231,196,121,160,114,99,57
437249000,194,168,98,143,87,69,53
437259000,231,196,121,160,114,99,57
437269000,232,197,121,160,116,99,60
437279000,232,197,121,160,116,99,60
437289000,232,197,121,160,116,99,60
437299000,210,181,107,151,100,84,54
437309000,210,181,107,151,100,84,54
437319000,210,181,107,151,100,84,54
437329000,210,181,107,151,100,84,54
437339000,204,175,104,150,91,75,51
437349000,204,175,104,150,91,75,51
437359000,211,181,107,151,100,84,54
437369000,211,181,107,151,100,84,54
437379000,219,187,114,158,101,84,56
437389000,218,186,114,158,99,83,53
437399000,218,186,114,158,99,83,53
437409000,218,186,114,158,99,84,53
437419000,218,186,114,158,99,84,53
437429000,219,186,114,158,99,84,53
437439000,219,186,114,158,99,84,53
437449000,253,212,137,175,120,103,61
437459000,253,212,137,175,120,104,61
437469000,253,213,137,175,120,104,61
437479000,253,213,137,175,120,104,61
437489000,253,213,137,175,120,104,61
437499000,185,161,92,137,84,61,57
437509000,210,180,108,151,99,84,52
437519000,179,156,88,133,83,61,55
437529000,179,156,88,133,83,61,55
437539000,210,180,108,151,99,84,52
437549000,177,155,87,133,79,59,52
437559000,179,157,88,133,83,61,55
437569000,230,196,120,158,116,100,58
437579000,178,155,87,133,79,59,52
437589000,178,155,87,133,79,60,52
437599000,210,181,108,151,100,85,52
437609000,178,155,87,133,79,60,52
437619000,187,162,93,141,80,61,52
437629000,212,181,110,158,89,74,50
437639000,201,173,103,148,89,73,50
437649000,210,181,108,151,100,85,52
437659000,210,181,108,151,100,85,52
437669000,229,196,119,157,116,101,58
437679000,210,181,108,151,100,85,52
437689000,210,181,108,151,100,85,52
437699000,201,173,103,148,89,73,50
437709000,191,165,96,144,81,64,50
437719000,194,167,98,144,86,69,51
437729000,194,167,98,144,86,69,51
437739000,191,165,97,144,81,64,50
437749000,194,168,98,144,86,69,51
437759000,194,168,98,144,86,69,51
437769000,194,168,98,144,86,69,51
437779000,194,168,98,144,86,69,51
437789000,194,168,98,144,86,69,51
437799000,194,168,98,144,86,69,51
437809000,195,169,98,144,88,70,53
437819000,196,169,98,144,88,70,53
437829000,194,168,98,144,86,69,51
437839000,167,146,82,121,81,69,43
437849000,167,146,82,121,81,69,43
437859000,168,146,82,121,81,69,43
437869000,168,146,83,121,81,69,43
437879000,168,146,83,121,81,69,43
437889000,187,162,95,130,97,86,44
437899000,188,162,95,130,97,86,44
437909000,196,168,101,136,98,87,46
437919000,155,136,74,111,78,64,45
437929000,197,168,101,137,98,87,46
437939000,197,168,101,137,98,87,46
437949000,197,169,102,137,98,87,46
437959000,197,169,102,137,98,87,46
437969000,188,162,95,130,97,86,44
437979000,188,162,95,130,97,86,44
437989000,188,162,95,130,97,86,44
437999000,188,162,95,130,97,86,45
438009000,188,162,95,130,97,86,45
438019000,189,163,95,130,98,87,47
438029000,188,163,95,130,97,86,45
438039000,188,163,95,130,97,86,45
438049000,188,163,95,130,97,86,45
438059000,188,163,95,130,97,86,45
438069000,198,170,102,138,99,87,47
438079000,198,170,102,138,99,87,47
438089000,198,170,102,138,99,87,47
438099000,198,170,102,138,99,87,47
438109000,156,136,75,114,75,60,44
438119000,156,137,75,114,75,60,44
438129000,156,137,75,114,75,60,44
438139000,156,137,75,115,75,60,44
438149000,156,137,75,115,75,60,44
438159000,156,137,75,115,75,60,44
438169000,156,137,75,115,75,60,44
438179000,156,137,75,115,75,60,44
438189000,156,137,75,115,75,60,44
438199000,157,137,75,115,75,60,44
438209000,157,137,75,115,75,60,44
438219000,171,149,85,124,83,71,43
438229000,171,149,85,124,83,71,43
438239000,164,143,80,121,76,64,42
438249000,164,143,80,121,76,64,42
438259000,164,144,80,121,76,64,42
438269000,165,144,80,121,76,64,42
438279000,172,149,85,124,83,71,43
438289000,173,150,85,124,84,72,45
438299000,173,150,85,125,84,72,45
438309000,172,150,85,124,83,71,43
438319000,173,151,85,125,84,72,45
438329000,166,145,80,122,78,65,44
438339000,172,150,85,125,83,71,43
438349000,173,151,85,125,85,72,45
438359000,172,150,85,125,83,71,43
438369000,172,150,85,125,83,71,43
438379000,165,144,80,122,76,63,42
438389000,165,144,80,122,76,63,42
438399000,155,136,75,116,71,56,43
438409000,155,136,75,116,71,56,43
438419000,155,136,75,116,71,57,43
438429000,173,150,85,125,83,71,43
438439000,155,136,75,116,71,57,43
438449000,156,136,75,116,71,57,43
438459000,173,150,85,125,83,71,43
438469000,156,137,75,116,71,57,43
438479000,162,142,79,122,73,58,43
438489000,180,156,90,131,84,72,43
438499000,163,142,79,122,73,58,43
438509000,180,156,90,131,84,72,43
438519000,180,156,90,131,84,72,43
438529000,180,156,90,131,84,72,43
438539000,180,156,90,131,84,72,43
438549000,180,156,90,131,84,72,43
438559000,180,156,90,131,84,72,43
438569000,180,156,90,132,84,72,43
438579000,180,156,90,132,84,72,43
438589000,180,156,90,132,84,72,43
438599000,180,156,90,132,84,72,43
438609000,181,156,90,132,84,72,43
438619000,181,157,90,132,84,72,43
438629000,181,157,90,132,84,72,43
438639000,181,157,90,132,84,72,43
438649000,181,157,90,132,84,72,43
438659000,181,157,90,132,84,72,43
438669000,182,158,91,132,86,73,45
438679000,200,171,103,147,87,73,48
438689000,196,168,100,145,85,72,45
438699000,196,168,100,145,85,73,45
438709000,196,168,101,145,85,73,45
438719000,196,168,101,145,85,73,45
438729000,196,168,101,145,85,73,45
438739000,196,169,101,145,85,73,45
438749000,196,169,101,145,85,73,45
438759000,197,169,101,146,85,73,45
438769000,177,154,89,135,74,59,44
438779000,178,154,89,135,74,59,44
438789000,172,150,85,132,72,57,44
438799000,172,150,85,132,72,57,44
438809000,172,150,85,132,71,57,44
438819000,178,155,89,136,74,60,44
438829000,173,150,85,132,71,57,44
438839000,173,150,85,132,71,57,44
438849000,176,153,87,134,75,59,46
438859000,183,158,92,138,77,61,47
438869000,173,151,85,133,71,57,44
438879000,173,151,85,133,71,57,44
438889000,189,163,96,141,80,61,52
438899000,189,162,97,141,81,63,51
438909000,184,159,93,138,78,63,46
438919000,189,163,97,141,81,63,51
438929000,200,170,104,147,86,64,58
438939000,185,159,93,139,78,63,46
438949000,185,159,93,139,78,63,46
438959000,165,145,80,124,74,58,46
438969000,165,145,80,124,74,58,46
438979000,190,163,97,142,81,63,51
438989000,165,145,80,125,74,58,46
438999000,172,150,85,128,79,63,48
439009000,172,150,85,128,79,63,48
439019000,173,150,85,128,79,63,48
439029000,173,150,85,128,79,63,48
439039000,173,150,85,128,79,63,48
439049000,171,149,84,128,77,63,45
439059000,173,151,85,128,79,63,48
439069000,173,151,85,128,79,63,48
439079000,173,151,85,128,79,63,48
439089000,171,149,84,128,77,63,45
439099000,171,150,84,128,77,63,45
439109000,172,150,84,128,77,63,45
439119000,155,136,73,118,68,52,45
439129000,184,159,93,141,74,60,44
439139000,184,159,93,141,74,60,44
439149000,184,159,93,141,74,60,44
439159000,185,160,93,141,74,60,44
439169000,177,153,87,136,71,57,43
439179000,185,160,93,141,74,60,44
439189000,185,160,93,142,74,60,44
439199000,209,178,109,156,87,73,47
439209000,177,154,87,136,71,56,43
439219000,186,160,93,142,74,60,44
439229000,186,161,94,142,74,60,44
439239000,186,161,94,142,74,60,44
439249000,186,161,94,143,74,60,44
439259000,186,161,94,143,74,60,44
439269000,216,184,112,157,97,84,48
439279000,216,184,112,157,96,84,48
439289000,216,184,112,157,96,83,48
439299000,215,184,112,157,96,83,48
439309000,215,184,112,157,96,83,48
439319000,215,184,112,157,96,83,48
439329000,215,184,112,157,96,83,48
439339000,233,197,125,166,106,89,56
439349000,202,174,104,152,85,72,44
439359000,191,164,97,145,76,60,46
439369000,191,164,97,146,76,60,46
439379000,209,178,109,155,88,73,48
439389000,209,178,109,155,88,73,48
439399000,201,172,104,153,79,61,50
439409000,201,172,104,153,79,61,50
439419000,191,165,97,146,76,60,46
439429000,209,178,109,155,87,73,48
439439000,209,178,109,155,87,73,48
439449000,230,195,122,164,104,88,56
439459000,214,183,111,156,95,82,48
439469000,214,183,111,156,95,82,48
439479000,192,166,97,146,78,63,46
439489000,190,164,96,146,75,60,44
439499000,190,164,96,146,75,60,44
439509000,202,173,104,153,80,64,49
439519000,190,164,96,146,75,60,44
439529000,191,164,96,147,75,60,44
439539000,191,165,96,147,75,60,44
439549000,191,165,96,147,75,60,44
439559000,191,165,96,147,75,60,44
439569000,191,165,97,147,75,60,44
439579000,191,165,97,147,75,61,44
439589000,180,156,89,139,71,56,43
439599000,186,161,93,143,73,58,45
439609000,192,165,97,148,75,61,44
439619000,192,166,97,148,75,61,44
439629000,201,172,103,154,76,61,46
439639000,209,179,108,159,81,64,49
439649000,183,159,91,141,74,59,45
439659000,180,157,89,140,71,56,43
439669000,193,166,97,148,75,61,44
439679000,193,166,97,149,75,61,44
439689000,193,166,97,149,75,61,44
439699000,193,166,98,149,75,61,44
439709000,193,167,98,149,75,61,44
439719000,203,174,104,156,76,61,46
439729000,203,174,104,156,76,61,46
439739000,193,167,98,149,75,61,43
439749000,181,157,89,140,71,56,43
439759000,187,162,93,145,73,58,45
439769000,181,157,90,141,71,56,43
439779000,181,157,90,141,71,56,43
439789000,204,175,105,158,76,61,45
439799000,194,168,98,150,75,61,43
439809000,188,163,94,146,73,58,45
439819000,188,163,94,146,73,58,45
439829000,188,163,94,146,73,58,45
439839000,188,163,94,146,73,58,45
439849000,195,168,99,151,75,61,43
439859000,182,158,90,141,71,56,43
439869000,182,158,90,141,71,56,43
439879000,195,168,99,151,75,61,43
439889000,195,168,99,151,75,61,43
439899000,195,169,99,151,75,61,43
439909000,207,177,106,160,76,61,45
439919000,196,169,99,151,75,61,43
439929000,200,172,102,154,77,62,45
439939000,200,172,102,154,77,62,45
439949000,182,158,90,141,71,56,43
439959000,201,173,102,155,77,62,45
439969000,208,178,107,161,76,61,45
439979000,196,169,99,152,75,61,43
439989000,196,169,99,152,75,61,43
439999000,220,188,115,170,80,64,48
440009000,186,161,92,144,74,59,44
440019000,182,159,90,142,71,56,43
440029000,209,179,108,162,76,61,45
440039000,210,180,108,163,76,61,45
440049000,210,180,108,163,76,61,45
440059000,210,180,108,163,76,61,45
440069000,210,180,108,163,76,61,45
440079000,197,170,100,153,75,61,43
440089000,190,165,95,148,73,58,44
440099000,183,159,90,142,71,57,43
440109000,198,170,100,153,75,61,43
440119000,198,171,100,153,75,61,43
440129000,198,171,100,153,75,61,43
440139000,198,171,100,153,75,61,43
440149000,198,171,100,154,75,61,43
440159000,198,171,100,154,75,61,43
440169000,198,171,100,154,75,61,43
440179000,198,171,100,154,75,61,43
440189000,211,181,108,164,75,58,48
440199000,211,181,108,165,75,58,48
440209000,213,183,110,166,76,61,45
440219000,213,183,110,166,76,61,45
440229000,199,171,100,154,75,61,43
440239000,214,183,110,166,76,61,45
440249000,199,172,100,154,75,61,43
440259000,214,183,110,167,76,61,45
440269000,199,172,100,155,75,61,43
440279000,199,172,101,155,75,61,43
440289000,199,172,101,155,75,61,43
440299000,199,172,101,155,75,61,43
440309000,199,172,101,155,75,61,43
440319000,199,172,101,155,75,61,43
440329000,215,185,111,168,76,61,45
440339000,183,160,90,143,71,57,43
440349000,183,160,90,143,71,57,43
440359000,200,172,101,155,75,61,43
440369000,183,160,90,143,71,57,43
440379000,183,160,90,143,71,57,43
440389000,217,186,112,169,76,62,45
440399000,193,167,96,151,73,58,44
440409000,193,167,96,151,73,58,44
440419000,217,186,112,170,76,62,45
440429000,217,186,112,170,76,62,45
440439000,183,160,90,143,71,57,43
440449000,165,145,79,126,72,61,38
440459000,153,136,71,117,68,57,37
440469000,153,136,71,117,68,57,37
440479000,165,145,79,126,72,61,38
440489000,165,145,79,126,72,61,38
440499000,178,155,87,136,74,62,41
440509000,165,145,79,126,72,61,38
440519000,178,155,88,136,74,62,41
440529000,178,155,88,137,74,62,41
440539000,171,150,83,130,74,62,40
440549000,166,146,79,126,72,61,38
440559000,166,146,79,126,72,61,38
440569000,166,146,79,127,72,61,38
440579000,179,156,88,137,74,62,41
440589000,179,156,88,137,74,62,41
440599000,179,156,88,137,74,62,41
440609000,180,156,88,138,74,62,41
440619000,180,156,88,138,74,62,41
440629000,180,157,88,138,74,62,41
440639000,186,161,92,144,72,57,45
440649000,195,168,98,149,78,63,46
440659000,195,168,98,149,78,63,46
440669000,195,169,98,150,78,63,46
440679000,181,157,89,139,74,62,41
440689000,181,157,89,139,74,62,41
440699000,188,162,94,143,77,62,45
440709000,171,151,81,128,81,70,40
440719000,172,151,81,128,81,70,40
440729000,174,153,83,129,82,70,43
440739000,181,158,89,139,74,62,41
440749000,187,163,92,140,83,70,44
440759000,160,141,76,125,66,53,39
440769000,163,143,77,125,70,58,39
440779000,177,155,86,137,72,58,42
440789000,182,159,90,140,74,62,41
440799000,182,159,90,140,74,62,41
440809000,188,164,92,141,83,70,44
440819000,183,159,90,141,74,62,41
440829000,183,159,90,141,74,62,41
440839000,168,147,80,128,72,61,38
440849000,168,147,80,128,72,61,38
440859000,188,164,92,142,83,70,44
440869000,183,160,90,141,74,62,41
440879000,183,160,90,141,74,62,41
440889000,183,160,90,141,74,62,41
440899000,184,160,90,142,74,62,41
440909000,184,160,90,142,74,62,41
440919000,184,160,90,142,74,62,41
440929000,184,160,91,142,74,62,41
440939000,184,160,91,142,74,62,41
440949000,184,160,91,142,74,62,41
440959000,184,161,91,142,74,62,41
440969000,179,156,87,140,68,55,40
440979000,164,144,77,126,70,58,39
440989000,185,161,91,143,74,62,41
440999000,164,145,77,127,70,58,39
441009000,164,145,77,127,70,58,39
441019000,185,161,91,143,74,62,41
441029000,164,145,77,127,70,58,39
441039000,164,145,77,127,70,58,39
441049000,186,162,91,143,74,62,41
441059000,189,166,91,144,82,71,42
441069000,197,174,92,144,97,87,43
441079000,190,166,91,144,82,71,42
441089000,190,166,92,145,82,71,42
441099000,186,162,92,144,74,62,41
441109000,186,162,92,144,74,62,41
441119000,186,162,92,144,74,62,41
441129000,187,162,92,144,74,62,41
441139000,187,163,92,145,74,62,41
441149000,187,163,92,145,74,62,41
441159000,187,163,92,145,74,62,41
441169000,182,159,89,143,68,55,40
441179000,165,145,79,129,66,54,38
441189000,165,145,79,130,66,54,38
441199000,182,159,89,144,68,55,40
441209000,169,149,80,130,73,62,38
441219000,190,166,93,147,76,63,42
441229000,190,166,93,148,76,63,42
441239000,183,160,90,144,68,55,40
441249000,188,164,92,146,74,62,41
441259000,188,164,92,146,74,62,41
441269000,190,165,93,146,77,63,45
441279000,190,165,93,146,77,63,45
441289000,188,164,92,146,74,62,41
441299000,188,164,93,146,74,62,41
441309000,191,167,93,148,76,63,42
441319000,191,167,93,148,76,63,42
441329000,171,151,81,134,69,55,41
441339000,189,165,93,147,74,62,42
441349000,189,165,93,147,74,62,42
441359000,172,151,81,134,69,55,41
441369000,188,164,92,148,71,55,45
441379000,170,150,81,135,65,52,40
441389000,158,140,73,123,67,55,38
441399000,158,140,73,123,67,55,38
441409000,172,152,82,135,69,56,41
441419000,160,142,73,125,67,55,39
441429000,162,144,73,127,69,56,41
441439000,174,153,82,137,70,56,42
441449000,173,153,81,134,74,63,39
441459000,160,142,73,125,68,55,39
441469000,177,156,82,138,74,60,43
441479000,162,145,73,126,71,59,39
441489000,162,145,73,126,71,59,39
441499000,174,153,83,137,69,56,41
441509000,170,150,80,131,73,62,38
441519000,174,154,81,131,80,70,39
441529000,216,186,109,169,79,63,47
441539000,174,154,81,131,80,70,39
441549000,174,154,81,131,80,70,39
441559000,194,170,95,149,82,70,42
441569000,174,154,81,131,80,70,39
441579000,174,154,81,132,80,70,39
441589000,195,170,95,149,82,70,42
441599000,176,156,81,132,83,72,41
441609000,195,170,95,149,82,70,42
441619000,221,191,111,171,86,71,47
441629000,248,212,127,191,92,73,56
441639000,222,192,111,171,88,73,49
441649000,197,173,95,151,83,71,43
441659000,222,193,111,172,88,73,49
441669000,192,167,94,150,75,62,42
441679000,192,168,94,150,75,62,42
441689000,196,171,95,150,82,70,42
441699000,196,171,95,150,82,70,42
441709000,222,192,112,172,86,71,47
441719000,196,171,95,150,82,70,42
441729000,196,171,95,151,82,70,42
441739000,174,154,81,132,80,70,39
441749000,196,171,95,151,82,70,42
441759000,196,172,95,151,82,70,42
441769000,196,172,95,151,82,70,42
441779000,196,172,95,151,82,70,42
441789000,208,184,97,152,102,93,43
441799000,197,172,95,151,82,70,42
441809000,197,172,95,151,82,70,42
441819000,197,172,95,151,82,70,42
441829000,193,169,94,151,75,62,42
441839000,197,173,94,151,83,72,42
441849000,189,165,92,150,69,55,42
441859000,193,169,94,151,75,62,42
441869000,191,168,92,151,73,60,42
441879000,189,165,92,150,69,55,42
441889000,207,182,97,152,101,91,43
441899000,194,171,92,151,80,67,43
441909000,169,150,78,132,71,60,39
441919000,197,173,95,152,83,72,42
441929000,185,164,86,141,84,73,41
441939000,175,156,80,132,82,72,39
441949000,200,173,99,158,72,57,44
441959000,175,156,80,132,82,72,39
441969000,170,150,78,132,71,60,39
441979000,201,175,98,158,76,62,45
441989000,170,151,80,132,72,61,38
441999000,171,151,80,132,73,62,39
442009000,178,158,81,134,83,73,40
442019000,177,157,82,134,82,71,40
442029000,171,151,79,132,73,62,39
442039000,179,159,83,135,83,72,41
442049000,171,151,79,132,73,62,39
442059000,194,170,94,153,75,62,42
442069000,195,170,94,153,75,62,42
442079000,203,177,100,159,78,63,45
442089000,195,170,94,153,75,62,42
442099000,195,170,94,153,75,62,42
442109000,171,151,79,132,73,62,39
442119000,171,151,79,132,73,62,39
442129000,171,151,79,132,73,62,39
442139000,168,148,79,132,67,55,38
442149000,168,148,79,132,67,55,38
442159000,193,168,94,153,69,56,41
442169000,193,168,94,153,69,56,41
442179000,195,171,94,153,75,63,42
442189000,195,171,94,153,75,63,42
442199000,171,151,79,132,73,63,39
442209000,172,152,79,133,75,63,39
442219000,196,172,94,154,76,61,44
442229000,199,175,96,154,82,71,42
442239000,197,172,96,155,75,62,42
442249000,199,175,96,154,82,71,42
442259000,199,175,96,154,82,71,42
442269000,171,152,79,132,74,63,39
442279000,171,152,79,132,74,63,39
442289000,173,153,79,134,74,63,39
442299000,173,153,79,134,74,63,39
442309000,196,172,94,155,76,63,43
442319000,171,152,79,132,74,63,39
442329000,179,159,82,136,84,73,41
442339000,201,176,96,155,83,72,43
442349000,177,157,80,134,82,72,40
442359000,197,173,94,155,76,63,43
442369000,197,173,94,155,76,63,43
442379000,196,172,94,154,76,63,42
442389000,201,176,96,155,84,72,43
442399000,197,173,94,155,76,63,43
442409000,196,172,94,154,76,63,42
442419000,201,176,96,155,84,72,43
442429000,197,173,94,155,76,63,43
442439000,196,172,94,154,76,63,42
442449000,196,172,94,154,76,63,42
442459000,200,175,96,155,83,71,42
442469000,200,175,96,155,83,71,42
442479000,201,177,96,156,84,72,43
442489000,196,172,94,154,76,63,42
442499000,200,176,96,155,83,71,42
442509000,201,177,96,156,84,72,43
442519000,197,173,94,155,77,63,43
442529000,201,177,96,156,84,72,43
442539000,196,172,94,154,76,63,42
442549000,175,156,79,133,81,71,39
442559000,175,156,79,133,81,71,39
442569000,171,152,78,132,74,63,39
442579000,200,176,96,155,83,71,42
442589000,175,156,79,133,81,71,39
442599000,175,156,79,133,81,71,39
442609000,196,172,94,154,76,63,42
442619000,175,157,78,133,83,73,39
442629000,175,156,79,133,81,71,39
442639000,194,169,95,154,68,54,41
442649000,196,171,96,154,73,60,42
442659000,200,176,94,155,85,73,42
442669000,212,188,98,156,104,95,43
442679000,195,171,94,153,75,63,41
442689000,201,176,97,155,84,73,42
442699000,196,171,95,154,74,62,41
442709000,169,149,79,130,73,61,39
442719000,174,156,79,133,82,72,39
442729000,200,176,95,155,83,72,42
442739000,196,172,93,155,76,64,42
442749000,196,172,93,155,76,64,42
442759000,175,157,78,133,83,74,39
442769000,206,181,100,162,79,65,45
442779000,192,168,93,153,70,57,41
442789000,229,199,115,184,75,58,47
442799000,229,199,115,184,75,58,47
442809000,192,168,93,153,70,57,41
442819000,196,172,93,155,76,64,42
442829000,196,172,93,155,76,64,42
442839000,170,152,77,132,75,64,39
442849000,200,176,95,155,83,72,42
442859000,200,176,95,155,83,72,42
442869000,196,172,93,155,77,64,42
442879000,200,176,95,155,83,72,42
442889000,200,176,95,155,83,72,42
442899000,200,176,95,155,83,72,42
442909000,201,177,95,156,84,72,43
442919000,206,181,99,163,79,66,45
442929000,196,172,92,155,77,64,42
442939000,196,172,92,155,77,64,42
442949000,196,172,92,154,77,64,42
442959000,196,172,92,154,77,64,42
442969000,206,181,99,163,80,66,45
442979000,206,181,99,163,80,66,45
442989000,206,181,99,163,80,66,45
442999000,196,172,92,154,77,64,42
443009000,195,172,92,154,77,64,42
443019000,241,209,121,189,90,74,51
443029000,281,242,144,223,95,72,63
443039000,274,236,138,218,90,70,56
443049000,274,236,138,218,90,70,56
443059000,188,164,91,150,66,52,41
443069000,207,181,99,163,80,66,45
443079000,195,172,92,154,77,64,42
443089000,274,236,138,219,90,71,56
443099000,207,181,99,163,80,66,45
443109000,278,240,141,220,96,77,56
443119000,195,172,92,154,77,64,42
443129000,200,176,94,155,84,72,43
443139000,200,176,94,155,84,72,43
443149000,199,176,94,155,84,72,43
443159000,187,163,90,149,66,52,41
443169000,195,172,91,154,77,64,42
443179000,165,147,76,130,69,56,41
443189000,171,151,79,131,76,64,41
443199000,192,168,94,151,73,54,48
443209000,195,171,94,151,80,64,48
443219000,193,168,94,151,74,57,47
443229000,189,166,90,149,74,56,48
443239000,195,171,94,151,80,64,48
443249000,167,148,79,130,70,57,41
443259000,171,151,79,131,76,64,41
443269000,171,151,79,131,76,64,41
443279000,167,148,79,130,70,57,41
443289000,165,147,75,129,69,56,41
443299000,165,147,75,129,69,56,41
443309000,165,147,75,129,69,56,41
443319000,165,147,75,129,69,56,41
443329000,170,151,78,131,76,64,41
443339000,170,151,78,131,76,64,41
443349000,170,151,78,131,76,64,41
443359000,170,151,78,131,76,64,41
443369000,165,145,78,130,65,50,41
443379000,192,168,94,152,73,54,48
443389000,196,172,94,152,80,64,48
443399000,196,172,94,152,80,64,48
443409000,213,186,105,167,80,59,54
443419000,171,152,79,134,72,57,44
443429000,172,152,80,133,73,59,43
443439000,175,155,83,131,81,70,41
443449000,164,145,78,129,65,51,41
443459000,166,147,78,130,68,54,41
443469000,196,172,94,152,80,64,48
443479000,189,166,89,149,74,56,48
443489000,165,147,75,129,69,56,41
443499000,170,151,78,131,76,64,41
443509000,176,156,82,135,79,65,44
443519000,176,154,85,135,73,59,43
443529000,181,160,86,135,84,72,44
443539000,188,167,86,136,98,87,44
443549000,176,156,81,135,79,65,44
443559000,176,156,81,135,79,65,44
443569000,176,156,81,135,79,65,44
443579000,182,162,83,132,95,85,41
443589000,229,200,113,171,103,87,55
443599000,173,152,81,134,73,59,43
443609000,166,147,77,129,70,57,41
443619000,181,159,85,135,84,72,44
443629000,166,147,77,129,70,57,41
443639000,176,156,81,135,79,65,44
443649000,175,154,82,131,82,71,41
443659000,169,151,77,130,76,64,41
443669000,172,152,81,133,73,59,43
443679000,182,162,83,131,94,85,41
443689000,165,146,77,128,70,57,41
443699000,163,143,77,128,65,51,41
443709000,190,165,93,150,70,51,48
443719000,185,163,88,147,70,52,48
443729000,160,142,73,126,65,51,41
443739000,174,154,82,130,82,71,41
