nPorts,mem,alloc,outputPort,protIds,portId,txPending,txBytes,txUsage,txPeakUsage,rxPending,rxBytes,rxUsage,rxPeakUsage,overrunErrs,msgs,skipped
4,False,False,0,100991232,0,0,0,0,25,0,0,0,0,0,0.0,0
4,False,False,0,100991232,256,108,194985,3,19,0,0,0,0,0,0.0,0
4,False,False,0,100991232,768,0,219160,3,25,0,1168,0,0,0,4.05e-322,0
4,False,False,0,100991232,1280,0,24,0,0,0,46636,0,0,0,7.3e-322,0
4,False,False,0,100991232,0,0,0,0,25,0,0,0,0,0,0.0,0
4,False,False,0,100991232,256,132,199577,3,19,0,0,0,0,0,0.0,0
4,False,False,0,100991232,768,0,223776,3,25,0,1168,0,0,0,4.05e-322,0
4,False,False,0,100991232,1280,0,24,0,0,0,47604,0,0,0,7.46e-322,0
4,False,False,0,100991232,0,0,0,0,25,0,0,0,0,0,0.0,0
4,False,False,0,100991232,256,84,204041,3,19,0,0,0,0,0,0.0,0
4,False,False,0,100991232,768,0,228192,3,25,0,1168,0,0,0,4.05e-322,0
4,False,False,0,100991232,1280,0,24,0,0,0,48572,0,0,0,7.6e-322,0
4,False,False,0,100991232,0,0,0,0,25,0,0,0,0,0,0.0,0
4,False,False,0,100991232,256,132,208577,3,19,0,0,0,0,0,0.0,0
4,False,False,0,100991232,768,0,232776,3,25,0,1168,0,0,0,4.05e-322,0
4,False,False,0,100991232,1280,0,24,0,0,0,49540,0,0,0,7.76e-322,0
4,False,False,0,100991232,0,0,0,0,25,0,0,0,0,0,0.0,0
4,False,False,0,100991232,256,132,213097,3,19,0,0,0,0,0,0.0,0
4,False,False,0,100991232,768,0,237296,3,25,0,1168,0,0,0,4.05e-322,0
4,False,False,0,100991232,1280,0,24,0,0,0,50508,0,0,0,7.9e-322,0
4,False,False,0,100991232,0,0,0,0,25,0,0,0,0,0,0.0,0
4,False,False,0,100991232,256,84,217705,3,19,0,0,0,0,0,0.0,0
4,False,False,0,100991232,768,0,241856,3,25,0,1168,0,0,0,4.05e-322,0
4,False,False,0,100991232,1280,0,24,0,0,0,51476,0,0,0,8.05e-322,0
4,False,False,0,100991232,0,0,0,0,25,0,0,0,0,0,0.0,0
4,False,False,0,100991232,256,156,222309,3,19,0,0,0,0,0,0.0,0
4,False,False,0,100991232,768,0,246532,3,25,0,1168,0,0,0,4.05e-322,0
4,False,False,0,100991232,1280,0,24,0,0,0,52444,0,0,0,8.2e-322,0
4,False,False,0,100991232,0,0,0,0,25,0,0,0,0,0,0.0,0
4,False,False,0,100991232,256,188,226985,3,19,0,0,0,0,0,0.0,0
4,False,False,0,100991232,768,0,251240,3,25,0,1168,0,0,0,4.05e-322,0
4,False,False,0,100991232,1280,0,24,0,0,0,53412,0,0,0,8.35e-322,0
4,False,False,0,100991232,0,0,0,0,25,0,0,0,0,0,0.0,0
4,False,False,0,100991232,256,188,231541,3,19,0,0,0,0,0,0.0,0
4,False,False,0,100991232,768,0,255796,3,25,0,1168,0,0,0,4.05e-322,0
4,False,False,0,100991232,1280,0,24,0,0,0,54380,0,0,0,8.5e-322,0
4,False,False,0,100991232,0,0,0,0,25,0,0,0,0,0,0.0,0
4,False,False,0,100991232,256,132,236093,3,19,0,0,0,0,0,0.0,0
4,False,False,0,100991232,768,0,260292,3,25,0,1168,0,0,0,4.05e-322,0
4,False,False,0,100991232,1280,0,24,0,0,0,55348,0,0,0,8.65e-322,0
4,False,False,0,100991232,0,0,0,0,25,0,0,0,0,0,0.0,0
4,False,False,0,100991232,256,132,240677,3,19,0,0,0,0,0,0.0,0
4,False,False,0,100991232,768,0,264876,3,25,0,1168,0,0,0,4.05e-322,0
4,False,False,0,100991232,1280,0,24,0,0,0,56316,0,0,0,8.8e-322,0
4,False,False,0,100991232,0,0,0,0,25,0,0,0,0,0,0.0,0
4,False,False,0,100991232,256,84,245229,3,19,0,0,0,0,0,0.0,0
4,False,False,0,100991232,768,0,269380,3,25,0,1168,0,0,0,4.05e-322,0
4,False,False,0,100991232,1280,0,24,0,0,0,57284,0,0,0,8.94e-322,0
4,False,False,0,100991232,0,0,0,0,25,0,0,0,0,0,0.0,0
4,False,False,0,100991232,256,136,249825,3,19,0,0,0,0,0,0.0,0
4,False,False,0,100991232,768,0,274028,3,25,0,1168,0,0,0,4.05e-322,0
4,False,False,0,100991232,1280,0,24,0,0,0,58252,0,0,0,9.1e-322,0
4,False,False,0,100991232,0,0,0,0,25,0,0,0,0,0,0.0,0
4,False,False,0,100991232,256,140,254405,3,19,0,0,0,0,0,0.0,0
4,False,False,0,100991232,768,0,278612,3,25,0,1168,0,0,0,4.05e-322,0
4,False,False,0,100991232,1280,0,24,0,0,0,59220,0,0,0,9.24e-322,0
4,False,False,0,100991232,0,0,0,0,25,0,0,0,0,0,0.0,0
4,False,False,0,100991232,256,206,258935,3,19,0,0,0,0,0,0.0,0
4,False,False,0,100991232,768,0,283208,3,25,0,1168,0,0,0,4.05e-322,0
4,False,False,0,100991232,1280,0,24,0,0,0,60188,0,0,0,9.4e-322,0
4,False,False,0,100991232,0,0,0,0,25,0,0,0,0,0,0.0,0
4,False,False,0,100991232,256,158,263675,3,19,0,0,0,0,0,0.0,0
4,False,False,0,100991232,768,0,287900,3,25,0,1168,0,0,0,4.05e-322,0
4,False,False,0,100991232,1280,0,24,0,0,0,61156,0,0,0,9.54e-322,0
4,False,False,0,100991232,0,0,0,0,25,0,0,0,0,0,0.0,0
4,False,False,0,100991232,256,238,268439,3,19,0,0,0,0,0,0.0,0
4,False,False,0,100991232,768,0,292744,3,25,0,1168,0,0,0,4.05e-322,0
4,False,False,0,100991232,1280,0,24,0,0,0,62124,0,0,0,9.7e-322,0
4,False,False,0,100991232,0,0,0,0,25,0,0,0,0,0,0.0,0
4,False,False,0,100991232,256,158,273299,3,19,0,0,0,0,0,0.0,0
4,False,False,0,100991232,768,0,297524,3,25,0,1176,0,0,0,4.1e-322,0
4,False,False,0,100991232,1280,0,24,0,0,0,63092,0,0,0,9.83e-322,0
4,False,False,0,100991232,0,0,0,0,25,0,0,0,0,0,0.0,0
4,False,False,0,100991232,256,206,278183,3,19,0,0,0,0,0,0.0,0
4,False,False,0,100991232,768,0,302456,3,25,0,1176,0,0,0,4.1e-322,0
4,False,False,0,100991232,1280,0,24,0,0,0,64060,0,0,0,1e-321,0
4,False,False,0,100991232,0,0,0,0,25,0,0,0,0,0,0.0,0
4,False,False,0,100991232,256,214,283019,3,19,0,0,0,0,0,0.0,0
4,False,False,0,100991232,768,0,307300,3,25,0,1176,0,0,0,4.1e-322,0
4,False,False,0,100991232,1280,0,24,0,0,0,65028,0,0,0,1.013e-321,0
4,False,False,0,100991232,0,0,0,0,25,0,0,0,0,0,0.0,0
4,False,False,0,100991232,256,206,287879,3,19,0,0,0,0,0,0.0,0
4,False,False,0,100991232,768,0,312152,3,25,0,1176,0,0,0,4.1e-322,0
4,False,False,0,100991232,1280,0,24,0,0,0,65996,0,0,0,1.03e-321,0
4,False,False,0,100991232,0,0,0,0,25,0,0,0,0,0,0.0,0
4,False,False,0,100991232,256,108,292781,3,19,0,0,0,0,0,0.0,0
4,False,False,0,100991232,768,0,316956,3,25,0,1176,0,0,0,4.1e-322,0
4,False,False,0,100991232,1280,0,24,0,0,0,66964,0,0,0,1.042e-321,0
4,False,False,0,100991232,0,0,0,0,25,0,0,0,0,0,0.0,0
4,False,False,0,100991232,256,190,297555,3,19,0,0,0,0,0,0.0,0
4,False,False,0,100991232,768,0,321812,3,25,0,1176,0,0,0,4.1e-322,0
4,False,False,0,100991232,1280,0,24,0,0,0,67932,0,0,0,1.057e-321,0
4,False,False,0,100991232,0,0,0,0,25,0,0,0,0,0,0.0,0
4,False,False,0,100991232,256,206,302311,3,19,0,0,0,0,0,0.0,0
4,False,False,0,100991232,768,0,326584,3,25,0,1176,0,0,0,4.1e-322,0
4,False,False,0,100991232,1280,0,24,0,0,0,68900,0,0,0,1.07e-321,0
4,False,False,0,100991232,0,0,0,0,25,0,0,0,0,0,0.0,0
4,False,False,0,100991232,256,206,307171,3,19,0,0,0,0,0,0.0,0
4,False,False,0,100991232,768,0,331444,3,25,0,1176,0,0,0,4.1e-322,0
4,False,False,0,100991232,1280,0,24,0,0,0,69868,0,0,0,1.087e-321,0
4,False,False,0,100991232,0,0,0,0,25,0,0,0,0,0,0.0,0
4,False,False,0,100991232,256,244,311961,3,19,0,0,0,0,0,0.0,0
4,False,False,0,100991232,768,0,336272,3,25,0,1176,0,0,0,4.1e-322,0
4,False,False,0,100991232,1280,0,24,0,0,0,70836,0,0,0,1.1e-321,0
4,False,False,0,100991232,0,0,0,0,25,0,0,0,0,0,0.0,0
4,False,False,0,100991232,256,238,316731,3,19,0,0,0,0,0,0.0,0
4,False,False,0,100991232,768,0,341036,3,25,0,1176,0,0,0,4.1e-322,0
4,False,False,0,100991232,1280,0,24,0,0,0,71804,0,0,0,1.117e-321,0
4,False,False,0,100991232,0,0,0,0,25,0,0,0,0,0,0.0,0
4,False,False,0,100991232,256,206,321639,3,19,0,0,0,0,0,0.0,0
4,False,False,0,100991232,768,0,345912,3,25,0,1176,0,0,0,4.1e-322,0
4,False,False,0,100991232,1280,0,24,0,0,0,72772,0,0,0,1.13e-321,0
4,False,False,0,100991232,0,0,0,0,25,0,0,0,0,0,0.0,0
4,False,False,0,100991232,256,238,326435,3,19,0,0,0,0,0,0.0,0
4,False,False,0,100991232,768,0,350740,3,25,0,1176,0,0,0,4.1e-322,0
4,False,False,0,100991232,1280,0,24,0,0,0,73740,0,0,0,1.146e-321,0
4,False,False,0,100991232,0,0,0,0,25,0,0,0,0,0,0.0,0
4,False,False,0,100991232,256,238,331143,3,19,0,0,0,0,0,0.0,0
4,False,False,0,100991232,768,0,355448,3,25,0,1176,0,0,0,4.1e-322,0
4,False,False,0,100991232,1280,0,24,0,0,0,74708,0,0,0,1.16e-321,0
4,False,False,0,100991232,0,0,0,0,25,0,0,0,0,0,0.0,0
4,False,False,0,100991232,256,206,336003,3,19,0,0,0,0,0,0.0,0
4,False,False,0,100991232,768,0,360276,3,25,0,1176,0,0,0,4.1e-322,0
4,False,False,0,100991232,1280,0,24,0,0,0,75676,0,0,0,1.176e-321,0
4,False,False,0,100991232,0,0,0,0,25,0,0,0,0,0,0.0,0
4,False,False,0,100991232,256,294,340775,3,19,0,0,0,0,0,0.0,0
4,False,False,0,100991232,768,0,365136,3,25,0,1176,0,0,0,4.1e-322,0
4,False,False,0,100991232,1280,0,24,0,0,0,76644,0,0,0,1.19e-321,0
4,False,False,0,100991232,0,0,0,0,25,0,0,0,0,0,0.0,0
4,False,False,0,100991232,256,158,345603,3,19,0,0,0,0,0,0.0,0
4,False,False,0,100991232,768,0,369828,3,25,0,1176,0,0,0,4.1e-322,0
4,False,False,0,100991232,1280,0,24,0,0,0,77612,0,0,0,1.206e-321,0
4,False,False,0,100991232,0,0,0,0,25,0,0,0,0,0,0.0,0
4,False,False,0,100991232,256,158,350383,3,19,0,0,0,0,0,0.0,0
4,False,False,0,100991232,768,0,374608,3,25,0,1176,0,0,0,4.1e-322,0
4,False,False,0,100991232,1280,0,24,0,0,0,78580,0,0,0,1.22e-321,0
4,False,False,0,100991232,0,0,0,0,25,0,0,0,0,0,0.0,0
4,False,False,0,100991232,256,294,355019,3,19,0,0,0,0,0,0.0,0
4,False,False,0,100991232,768,0,379380,3,25,0,1176,0,0,0,4.1e-322,0
4,False,False,0,100991232,1280,0,24,0,0,0,79548,0,0,0,1.235e-321,0
4,False,False,0,100991232,0,0,0,0,25,0,0,0,0,0,0.0,0
4,False,False,0,100991232,256,156,359817,3,19,0,0,0,0,0,0.0,0
4,False,False,0,100991232,768,0,384040,3,25,0,1176,0,0,0,4.1e-322,0
4,False,False,0,100991232,1280,0,24,0,0,0,80516,0,0,0,1.25e-321,0
4,False,False,0,100991232,0,0,0,0,25,0,0,0,0,0,0.0,0
4,False,False,0,100991232,256,108,364517,3,19,0,0,0,0,0,0.0,0
4,False,False,0,100991232,768,0,388692,3,25,0,1176,0,0,0,4.1e-322,0
4,False,False,0,100991232,1280,0,24,0,0,0,81484,0,0,0,1.265e-321,0
4,False,False,0,100991232,0,0,0,0,25,0,0,0,0,0,0.0,0
4,False,False,0,100991232,256,206,369071,3,19,0,0,0,0,0,0.0,0
4,False,False,0,100991232,768,0,393344,3,25,0,1176,0,0,0,4.1e-322,0
4,False,False,0,100991232,1280,0,24,0,0,0,82452,0,0,0,1.28e-321,0
4,False,False,0,100991232,0,0,0,0,25,0,0,0,0,0,0.0,0
4,False,False,0,100991232,256,238,373747,3,19,0,0,0,0,0,0.0,0
4,False,False,0,100991232,768,0,398052,3,25,0,1176,0,0,0,4.1e-322,0
4,False,False,0,100991232,1280,0,24,0,0,0,83420,0,0,0,1.294e-321,0
4,False,False,0,100991232,0,0,0,0,25,0,0,0,0,0,0.0,0
4,False,False,0,100991232,256,238,378487,3,19,0,0,0,0,0,0.0,0
4,False,False,0,100991232,768,0,402792,3,25,0,1176,0,0,0,4.1e-322,0
4,False,False,0,100991232,1280,0,24,0,0,0,84388,0,0,0,1.31e-321,0
4,False,False,0,100991232,0,0,0,0,25,0,0,0,0,0,0.0,0
4,False,False,0,100991232,256,294,383459,3,19,0,0,0,0,0,0.0,0
4,False,False,0,100991232,768,0,407820,3,25,0,1176,0,0,0,4.1e-322,0
4,False,False,0,100991232,1280,0,24,0,0,0,85356,0,0,0,1.324e-321,0
4,False,False,0,100991232,0,0,0,0,25,0,0,0,0,0,0.0,0
4,False,False,0,100991232,256,238,388455,3,19,0,0,0,0,0,0.0,0
4,False,False,0,100991232,768,0,412760,3,25,0,1176,0,0,0,4.1e-322,0
4,False,False,0,100991232,1280,0,24,0,0,0,86324,0,0,0,1.34e-321,0
4,False,False,0,100991232,0,0,0,0,25,0,0,0,0,0,0.0,0
4,False,False,0,100991232,256,206,393467,3,19,0,0,0,0,0,0.0,0
4,False,False,0,100991232,768,0,417740,3,25,0,1176,0,0,0,4.1e-322,0
4,False,False,0,100991232,1280,0,24,0,0,0,87292,0,0,0,1.354e-321,0
4,False,False,0,100991232,0,0,0,0,25,0,0,0,0,0,0.0,0
4,False,False,0,100991232,256,238,398383,3,19,0,0,0,0,0,0.0,0
4,False,False,0,100991232,768,0,422688,3,25,0,1176,0,0,0,4.1e-322,0
4,False,False,0,100991232,1280,0,24,0,0,0,88260,0,0,0,1.37e-321,0
4,False,False,0,100991232,0,0,0,0,25,0,0,0,0,0,0.0,0
4,False,False,0,100991232,256,214,403355,3,19,0,0,0,0,0,0.0,0
4,False,False,0,100991232,768,0,427636,3,25,0,1176,0,0,0,4.1e-322,0
4,False,False,0,100991232,1280,0,24,0,0,0,89228,0,0,0,1.383e-321,0
4,False,False,0,100991232,0,0,0,0,25,0,0,0,0,0,0.0,0
4,False,False,0,100991232,256,156,408361,3,19,0,0,0,0,0,0.0,0
4,False,False,0,100991232,768,0,432584,3,25,0,1176,0,0,0,4.1e-322,0
4,False,False,0,100991232,1280,0,24,0,0,0,90196,0,0,0,1.4e-321,0
4,False,False,0,100991232,0,0,0,0,25,0,0,0,0,0,0.0,0
4,False,False,0,100991232,256,182,413211,3,19,0,0,0,0,0,0.0,0
4,False,False,0,100991232,768,0,437460,3,25,0,1176,0,0,0,4.1e-322,0
4,False,False,0,100991232,1280,0,24,0,0,0,91164,0,0,0,1.413e-321,0
4,False,False,0,100991232,0,0,0,0,25,0,0,0,0,0,0.0,0
4,False,False,0,100991232,256,238,418055,3,19,0,0,0,0,0,0.0,0
4,False,False,0,100991232,768,0,442360,3,25,0,1176,0,0,0,4.1e-322,0
4,False,False,0,100991232,1280,0,24,0,0,0,92132,0,0,0,1.43e-321,0
4,False,False,0,100991232,0,0,0,0,25,0,0,0,0,0,0.0,0
4,False,False,0,100991232,256,238,422995,3,19,0,0,0,0,0,0.0,0
4,False,False,0,100991232,768,0,447300,3,25,0,1176,0,0,0,4.1e-322,0
4,False,False,0,100991232,1280,0,24,0,0,0,93100,0,0,0,1.443e-321,0
4,False,False,0,100991232,0,0,0,0,25,0,0,0,0,0,0.0,0
4,False,False,0,100991232,256,214,427799,3,19,0,0,0,0,0,0.0,0
4,False,False,0,100991232,768,0,452080,3,25,0,1176,0,0,0,4.1e-322,0
4,False,False,0,100991232,1280,0,24,0,0,0,94068,0,0,0,1.457e-321,0
4,False,False,0,100991232,0,0,0,0,25,0,0,0,0,0,0.0,0
4,False,False,0,100991232,256,182,432707,3,19,0,0,0,0,0,0.0,0
4,False,False,0,100991232,768,0,456956,3,25,0,1176,0,0,0,4.1e-322,0
4,False,False,0,100991232,1280,0,24,0,0,0,95036,0,0,0,1.47e-321,0
4,False,False,0,100991232,0,0,0,0,25,0,0,0,0,0,0.0,0
4,False,False,0,100991232,256,158,437647,3,19,0,0,0,0,0,0.0,0
4,False,False,0,100991232,768,0,461872,3,25,0,1176,0,0,0,4.1e-322,0
4,False,False,0,100991232,1280,0,24,0,0,0,96004,0,0,0,1.487e-321,0
4,False,False,0,100991232,0,0,0,0,25,0,0,0,0,0,0.0,0
4,False,False,0,100991232,256,244,442485,3,19,0,0,0,0,0,0.0,0
4,False,False,0,100991232,768,0,466796,3,25,0,1176,0,0,0,4.1e-322,0
4,False,False,0,100991232,1280,0,24,0,0,0,96972,0,0,0,1.5e-321,0
4,False,False,0,100991232,0,0,0,0,25,0,0,0,0,0,0.0,0
4,False,False,0,100991232,256,238,447327,3,19,0,0,0,0,0,0.0,0
4,False,False,0,100991232,768,0,471632,3,25,0,1176,0,0,0,4.1e-322,0
4,False,False,0,100991232,1280,0,24,0,0,0,97940,0,0,0,1.517e-321,0
4,False,False,0,100991232,0,0,0,0,25,0,0,0,0,0,0.0,0
4,False,False,0,100991232,256,238,452163,3,19,0,0,0,0,0,0.0,0
4,False,False,0,100991232,768,0,476468,3,25,0,1176,0,0,0,4.1e-322,0
4,False,False,0,100991232,1280,0,24,0,0,0,98908,0,0,0,1.53e-321,0
4,False,False,0,100991232,0,0,0,0,25,0,0,0,0,0,0.0,0
4,False,False,0,100991232,256,1262,456011,3,19,0,0,0,0,0,0.0,0
4,False,False,0,100991232,768,0,481340,3,25,0,1176,0,0,0,4.1e-322,0
4,False,False,0,100991232,1280,0,24,0,0,0,99876,0,0,0,1.546e-321,0
4,False,False,0,100991232,0,0,0,0,25,0,0,0,0,0,0.0,0
4,False,False,0,100991232,256,1246,460987,3,19,0,0,0,0,0,0.0,0
4,False,False,0,100991232,768,0,486300,3,25,0,1176,0,0,0,4.1e-322,0
4,False,False,0,100991232,1280,0,24,0,0,0,100844,0,0,0,1.56e-321,0
4,False,False,0,100991232,0,0,0,0,25,0,0,0,0,0,0.0,0
4,False,False,0,100991232,256,182,466907,3,19,0,0,0,0,0,0.0,0
4,False,False,0,100991232,768,0,491156,3,25,0,1176,0,0,0,4.1e-322,0
4,False,False,0,100991232,1280,0,24,0,0,0,101812,0,0,0,1.576e-321,0
4,False,False,0,100991232,0,0,0,0,25,0,0,0,0,0,0.0,0
4,False,False,0,100991232,256,214,471731,3,19,0,0,0,0,0,0.0,0
4,False,False,0,100991232,768,0,496012,3,25,0,1176,0,0,0,4.1e-322,0
4,False,False,0,100991232,1280,0,24,0,0,0,102780,0,0,0,1.59e-321,0
4,False,False,0,100991232,0,0,0,0,25,0,0,0,0,0,0.0,0
4,False,False,0,100991232,256,206,476507,3,19,0,0,0,0,0,0.0,0
4,False,False,0,100991232,768,0,500780,3,25,0,1176,0,0,0,4.1e-322,0
4,False,False,0,100991232,1280,0,24,0,0,0,103748,0,0,0,1.606e-321,0
4,False,False,0,100991232,0,0,0,0,25,0,0,0,0,0,0.0,0
4,False,False,0,100991232,256,1230,480379,3,19,0,0,0,0,0,0.0,0
4,False,False,0,100991232,768,0,505676,3,25,0,1176,0,0,0,4.1e-322,0
4,False,False,0,100991232,1280,0,24,0,0,0,104716,0,0,0,1.62e-321,0
4,False,False,0,100991232,0,0,0,0,25,0,0,0,0,0,0.0,0
4,False,False,0,100991232,256,206,486347,3,19,0,0,0,0,0,0.0,0
4,False,False,0,100991232,768,0,510620,3,25,0,1176,0,0,0,4.1e-322,0
4,False,False,0,100991232,1280,0,24,0,0,0,105684,0,0,0,1.635e-321,0
4,False,False,0,100991232,0,0,0,0,25,0,0,0,0,0,0.0,0
4,False,False,0,100991232,256,1182,490371,3,19,0,0,0,0,0,0.0,0
4,False,False,0,100991232,768,0,515620,3,25,0,1176,0,0,0,4.1e-322,0
4,False,False,0,100991232,1280,0,24,0,0,0,106652,0,0,0,1.65e-321,0
4,False,False,0,100991232,0,0,0,0,25,0,0,0,0,0,0.0,0
4,False,False,0,100991232,256,238,496451,3,19,0,0,0,0,0,0.0,0
4,False,False,0,100991232,768,0,520756,3,25,0,1176,0,0,0,4.1e-322,0
4,False,False,0,100991232,1280,0,24,0,0,0,107620,0,0,0,1.665e-321,0
4,False,False,0,100991232,0,0,0,0,25,0,0,0,0,0,0.0,0
4,False,False,0,100991232,256,1302,500467,3,19,0,0,0,0,0,0.0,0
4,False,False,0,100991232,768,0,525836,3,25,0,1176,0,0,0,4.1e-322,0
4,False,False,0,100991232,1280,0,24,0,0,0,108588,0,0,0,1.68e-321,0
4,False,False,0,100991232,0,0,0,0,25,0,0,0,0,0,0.0,0
4,False,False,0,100991232,256,206,506419,3,19,0,0,0,0,0,0.0,0
4,False,False,0,100991232,768,0,530692,3,25,0,1176,0,0,0,4.1e-322,0
4,False,False,0,100991232,1280,0,24,0,0,0,109556,0,0,0,1.695e-321,0
4,False,False,0,100991232,0,0,0,0,25,0,0,0,0,0,0.0,0
4,False,False,0,100991232,256,1182,510499,3,19,0,0,0,0,0,0.0,0
4,False,False,0,100991232,768,0,535748,3,25,0,1176,0,0,0,4.1e-322,0
4,False,False,0,100991232,1280,0,24,0,0,0,110524,0,0,0,1.71e-321,0
4,False,False,0,100991232,0,0,0,0,25,0,0,0,0,0,0.0,0
4,False,False,0,100991232,256,1318,515539,3,19,0,0,0,0,0,0.0,0
4,False,False,0,100991232,768,0,540924,3,25,0,1176,0,0,0,4.1e-322,0
4,False,False,0,100991232,1280,0,24,0,0,0,111492,0,0,0,1.724e-321,0
4,False,False,0,100991232,0,0,0,0,25,0,0,0,0,0,0.0,0
4,False,False,0,100991232,256,238,521515,3,19,0,0,0,0,0,0.0,0
4,False,False,0,100991232,768,0,545820,3,25,0,1176,0,0,0,4.1e-322,0
4,False,False,0,100991232,1280,0,24,0,0,0,112460,0,0,0,1.74e-321,0
4,False,False,0,100991232,0,0,0,0,25,0,0,0,0,0,0.0,0
4,False,False,0,100991232,256,158,526643,3,19,0,0,0,0,0,0.0,0
4,False,False,0,100991232,768,0,550868,3,25,0,1176,0,0,0,4.1e-322,0
4,False,False,0,100991232,1280,0,24,0,0,0,113428,0,0,0,1.754e-321,0
4,False,False,0,100991232,0,0,0,0,25,0,0,0,0,0,0.0,0
4,False,False,0,100991232,256,1262,530635,3,19,0,0,0,0,0,0.0,0
4,False,False,0,100991232,768,0,555964,3,25,0,1176,0,0,0,4.1e-322,0
4,False,False,0,100991232,1280,0,24,0,0,0,114396,0,0,0,1.77e-321,0
4,False,False,0,100991232,0,0,0,0,25,0,0,0,0,0,0.0,0
4,False,False,0,100991232,256,1230,535715,3,19,0,0,0,0,0,0.0,0
4,False,False,0,100991232,768,0,561012,3,25,0,1176,0,0,0,4.1e-322,0
4,False,False,0,100991232,1280,0,24,0,0,0,115364,0,0,0,1.784e-321,0
4,False,False,0,100991232,0,0,0,0,25,0,0,0,0,0,0.0,0
4,False,False,0,100991232,256,1262,540811,3,19,0,0,0,0,0,0.0,0
4,False,False,0,100991232,768,0,566140,3,25,0,1176,0,0,0,4.1e-322,0
4,False,False,0,100991232,1280,0,24,0,0,0,116332,0,0,0,1.8e-321,0
4,False,False,0,100991232,0,0,0,0,25,0,0,0,0,0,0.0,0
4,False,False,0,100991232,256,1302,545931,3,19,0,0,0,0,0,0.0,0
4,False,False,0,100991232,768,0,571300,3,25,0,1176,0,0,0,4.1e-322,0
4,False,False,0,100991232,1280,0,24,0,0,0,117300,0,0,0,1.813e-321,0
4,False,False,0,100991232,0,0,0,0,25,0,0,0,0,0,0.0,0
4,False,False,0,100991232,256,1246,551147,3,19,0,0,0,0,0,0.0,0
4,False,False,0,100991232,768,0,576460,3,25,0,1176,0,0,0,4.1e-322,0
4,False,False,0,100991232,1280,0,24,0,0,0,118268,0,0,0,1.83e-321,0
4,False,False,0,100991232,0,0,0,0,25,0,0,0,0,0,0.0,0
4,False,False,0,100991232,256,1230,556363,3,19,0,0,0,0,0,0.0,0
4,False,False,0,100991232,768,0,581660,3,25,0,1176,0,0,0,4.1e-322,0
4,False,False,0,100991232,1280,0,24,0,0,0,119236,0,0,0,1.843e-321,0
4,False,False,0,100991232,0,0,0,0,25,0,0,0,0,0,0.0,0
4,False,False,0,100991232,256,1278,561575,3,19,0,0,0,0,0,0.0,0
4,False,False,0,100991232,768,0,586920,3,25,0,1176,0,0,0,4.1e-322,0
4,False,False,0,100991232,1280,0,24,0,0,0,120204,0,0,0,1.86e-321,0
4,False,False,0,100991232,0,0,0,0,25,0,0,0,0,0,0.0,0
4,False,False,0,100991232,256,1278,566715,3,19,0,0,0,0,0,0.0,0
4,False,False,0,100991232,768,0,592060,3,25,0,1176,0,0,0,4.1e-322,0
4,False,False,0,100991232,1280,0,24,0,0,0,121172,0,0,0,1.873e-321,0
4,False,False,0,100991232,0,0,0,0,25,0,0,0,0,0,0.0,0
4,False,False,0,100991232,256,1246,571831,3,19,0,0,0,0,0,0.0,0
4,False,False,0,100991232,768,0,597144,3,25,0,1176,0,0,0,4.1e-322,0
4,False,False,0,100991232,1280,0,24,0,0,0,122140,0,0,0,1.887e-321,0
4,False,False,0,100991232,0,0,0,0,25,0,0,0,0,0,0.0,0
4,False,False,0,100991232,256,1278,576899,3,19,0,0,0,0,0,0.0,0
4,False,False,0,100991232,768,0,602244,3,25,0,1176,0,0,0,4.1e-322,0
4,False,False,0,100991232,1280,0,24,0,0,0,123108,0,0,0,1.9e-321,0
4,False,False,0,100991232,0,0,0,0,25,0,0,0,0,0,0.0,0
4,False,False,0,100991232,256,1230,582023,3,19,0,0,0,0,0,0.0,0
4,False,False,0,100991232,768,0,607320,3,25,0,1176,0,0,0,4.1e-322,0
4,False,False,0,100991232,1280,0,24,0,0,0,124076,0,0,0,1.917e-321,0
4,False,False,0,100991232,0,0,0,0,25,0,0,0,0,0,0.0,0
4,False,False,0,100991232,256,1230,587227,3,19,0,0,0,0,0,0.0,0
4,False,False,0,100991232,768,0,612524,3,25,0,1176,0,0,0,4.1e-322,0
4,False,False,0,100991232,1280,0,24,0,0,0,125044,0,0,0,1.93e-321,0
4,False,False,0,100991232,0,0,0,0,25,0,0,0,0,0,0.0,0
4,False,False,0,100991232,256,1310,592383,3,19,0,0,0,0,0,0.0,0
4,False,False,0,100991232,768,0,617760,3,25,0,1176,0,0,0,4.1e-322,0
4,False,False,0,100991232,1280,0,24,0,0,0,126012,0,0,0,1.947e-321,0
4,False,False,0,100991232,0,0,0,0,25,0,0,0,0,0,0.0,0
4,False,False,0,100991232,256,1230,597467,3,19,0,0,0,0,0,0.0,0
4,False,False,0,100991232,768,0,622764,3,25,0,1176,0,0,0,4.1e-322,0
4,False,False,0,100991232,1280,0,24,0,0,0,126980,0,0,0,1.96e-321,0
4,False,False,0,100991232,0,0,0,0,25,0,0,0,0,0,0.0,0
4,False,False,0,100991232,256,1278,602479,3,19,0,0,0,0,0,0.0,0
4,False,False,0,100991232,768,0,627824,3,25,0,1176,0,0,0,4.1e-322,0
4,False,False,0,100991232,1280,0,24,0,0,0,127948,0,0,0,1.976e-321,0
4,False,False,0,100991232,0,0,0,0,25,0,0,0,0,0,0.0,0
4,False,False,0,100991232,256,1286,607555,3,19,0,0,0,0,0,0.0,0
4,False,False,0,100991232,768,0,632908,3,25,0,1176,0,0,0,4.1e-322,0
4,False,False,0,100991232,1280,0,24,0,0,0,128916,0,0,0,1.99e-321,0
4,False,False,0,100991232,0,0,0,0,25,0,0,0,0,0,0.0,0
4,False,False,0,100991232,256,1294,612591,3,19,0,0,0,0,0,0.0,0
4,False,False,0,100991232,768,0,637952,3,25,0,1176,0,0,0,4.1e-322,0
4,False,False,0,100991232,1280,0,24,0,0,0,129884,0,0,0,2.006e-321,0
4,False,False,0,100991232,0,0,0,0,25,0,0,0,0,0,0.0,0
4,False,False,0,100991232,256,1230,617787,3,19,0,0,0,0,0,0.0,0
4,False,False,0,100991232,768,0,643084,3,25,0,1176,0,0,0,4.1e-322,0
4,False,False,0,100991232,1280,0,24,0,0,0,130852,0,0,0,2.02e-321,0
4,False,False,0,100991232,0,0,0,0,25,0,0,0,0,0,0.0,0
4,False,False,0,100991232,256,1294,622855,3,19,0,0,0,0,0,0.0,0
4,False,False,0,100991232,768,0,648216,3,25,0,1176,0,0,0,4.1e-322,0
4,False,False,0,100991232,1280,0,24,0,0,0,131820,0,0,0,2.036e-321,0
4,False,False,0,100991232,0,0,0,0,25,0,0,0,0,0,0.0,0
4,False,False,0,100991232,256,1262,627875,3,19,0,0,0,0,0,0.0,0
4,False,False,0,100991232,768,0,653204,3,25,0,1176,0,0,0,4.1e-322,0
4,False,False,0,100991232,1280,0,24,0,0,0,132788,0,0,0,2.05e-321,0
4,False,False,0,100991232,0,0,0,0,25,0,0,0,0,0,0.0,0
4,False,False,0,100991232,256,1310,632943,3,19,0,0,0,0,0,0.0,0
4,False,False,0,100991232,768,0,658320,3,25,0,1176,0,0,0,4.1e-322,0
4,False,False,0,100991232,1280,0,24,0,0,0,133756,0,0,0,2.065e-321,0
4,False,False,0,100991232,0,0,0,0,25,0,0,0,0,0,0.0,0
4,False,False,0,100991232,256,1310,637915,3,19,0,0,0,0,0,0.0,0
4,False,False,0,100991232,768,0,663292,3,25,0,1176,0,0,0,4.1e-322,0
4,False,False,0,100991232,1280,0,24,0,0,0,134724,0,0,0,2.08e-321,0
4,False,False,0,100991232,0,0,0,0,25,0,0,0,0,0,0.0,0
4,False,False,0,100991232,256,1310,642975,3,19,0,0,0,0,0,0.0,0
4,False,False,0,100991232,768,0,668352,3,25,0,1176,0,0,0,4.1e-322,0
4,False,False,0,100991232,1280,0,24,0,0,0,135692,0,0,0,2.095e-321,0
4,False,False,0,100991232,0,0,0,0,25,0,0,0,0,0,0.0,0
4,False,False,0,100991232,256,1310,648147,3,19,0,0,0,0,0,0.0,0
4,False,False,0,100991232,768,0,673524,3,25,0,1176,0,0,0,4.1e-322,0
4,False,False,0,100991232,1280,0,24,0,0,0,136660,0,0,0,2.11e-321,0
4,False,False,0,100991232,0,0,0,0,25,0,0,0,0,0,0.0,0
4,False,False,0,100991232,256,1278,653343,3,19,0,0,0,0,0,0.0,0
4,False,False,0,100991232,768,0,678688,3,25,0,1176,0,0,0,4.1e-322,0
4,False,False,0,100991232,1280,0,24,0,0,0,137628,0,0,0,2.124e-321,0
4,False,False,0,100991232,0,0,0,0,25,0,0,0,0,0,0.0,0
4,False,False,0,100991232,256,1310,658427,3,19,0,0,0,0,0,0.0,0
4,False,False,0,100991232,768,0,683804,3,25,0,1176,0,0,0,4.1e-322,0
4,False,False,0,100991232,1280,0,24,0,0,0,138596,0,0,0,2.14e-321,0
4,False,False,0,100991232,0,0,0,0,25,0,0,0,0,0,0.0,0
4,False,False,0,100991232,256,1230,663655,3,19,0,0,0,0,0,0.0,0
4,False,False,0,100991232,768,0,688952,3,25,0,1176,0,0,0,4.1e-322,0
4,False,False,0,100991232,1280,0,24,0,0,0,139564,0,0,0,2.154e-321,0
4,False,False,0,100991232,0,0,0,0,25,0,0,0,0,0,0.0,0
4,False,False,0,100991232,256,1246,668755,3,19,0,0,0,0,0,0.0,0
4,False,False,0,100991232,768,0,694068,3,25,0,1176,0,0,0,4.1e-322,0
4,False,False,0,100991232,1280,0,24,0,0,0,140532,0,0,0,2.17e-321,0
4,False,False,0,100991232,0,0,0,0,25,0,0,0,0,0,0.0,0
4,False,False,0,100991232,256,1278,673815,3,19,0,0,0,0,0,0.0,0
4,False,False,0,100991232,768,0,699160,3,25,0,1176,0,0,0,4.1e-322,0
4,False,False,0,100991232,1280,0,24,0,0,0,141500,0,0,0,2.184e-321,0
4,False,False,0,100991232,0,0,0,0,25,0,0,0,0,0,0.0,0
4,False,False,0,100991232,256,1278,678883,3,19,0,0,0,0,0,0.0,0
4,False,False,0,100991232,768,0,704228,3,25,0,1176,0,0,0,4.1e-322,0
4,False,False,0,100991232,1280,0,24,0,0,0,142468,0,0,0,2.2e-321,0
4,False,False,0,100991232,0,0,0,0,25,0,0,0,0,0,0.0,0
4,False,False,0,100991232,256,1262,683919,3,19,0,0,0,0,0,0.0,0
4,False,False,0,100991232,768,0,709248,3,25,0,1176,0,0,0,4.1e-322,0
4,False,False,0,100991232,1280,0,24,0,0,0,143436,0,0,0,2.213e-321,0
4,False,False,0,100991232,0,0,0,0,25,0,0,0,0,0,0.0,0
4,False,False,0,100991232,256,1246,688851,3,19,0,0,0,0,0,0.0,0
4,False,False,0,100991232,768,0,714164,3,25,0,1176,0,0,0,4.1e-322,0
4,False,False,0,100991232,1280,0,24,0,0,0,144404,0,0,0,2.23e-321,0
4,False,False,0,100991232,0,0,0,0,25,0,0,0,0,0,0.0,0
4,False,False,0,100991232,256,1294,693735,3,19,0,0,0,0,0,0.0,0
4,False,False,0,100991232,768,0,719096,3,25,0,1176,0,0,0,4.1e-322,0
4,False,False,0,100991232,1280,0,24,0,0,0,145372,0,0,0,2.243e-321,0
4,False,False,0,100991232,0,0,0,0,25,0,0,0,0,0,0.0,0
4,False,False,0,100991232,256,1262,698691,3,19,0,0,0,0,0,0.0,0
4,False,False,0,100991232,768,0,724020,3,25,0,1176,0,0,0,4.1e-322,0
4,False,False,0,100991232,1280,0,24,0,0,0,146340,0,0,0,2.26e-321,0
4,False,False,0,100991232,0,0,0,0,25,0,0,0,0,0,0.0,0
4,False,False,0,100991232,256,1246,703623,3,19,0,0,0,0,0,0.0,0
4,False,False,0,100991232,768,0,728936,3,25,0,1176,0,0,0,4.1e-322,0
4,False,False,0,100991232,1280,0,24,0,0,0,147308,0,0,0,2.273e-321,0
4,False,False,0,100991232,0,0,0,0,25,0,0,0,0,0,0.0,0
4,False,False,0,100991232,256,1198,708563,3,19,0,0,0,0,0,0.0,0
4,False,False,0,100991232,768,0,733828,3,25,0,1176,0,0,0,4.1e-322,0
4,False,False,0,100991232,1280,0,24,0,0,0,148276,0,0,0,2.288e-321,0
4,False,False,0,100991232,0,0,0,0,25,0,0,0,0,0,0.0,0
4,False,False,0,100991232,256,1262,713535,3,19,0,0,0,0,0,0.0,0
4,False,False,0,100991232,768,0,738864,3,25,0,1176,0,0,0,4.1e-322,0
4,False,False,0,100991232,1280,0,24,0,0,0,149244,0,0,0,2.3e-321,0
4,False,False,0,100991232,0,0,0,0,25,0,0,0,0,0,0.0,0
4,False,False,0,100991232,256,1310,718443,3,19,0,0,0,0,0,0.0,0
4,False,False,0,100991232,768,0,743820,3,25,0,1176,0,0,0,4.1e-322,0
4,False,False,0,100991232,1280,0,24,0,0,0,150212,0,0,0,2.317e-321,0
4,False,False,0,100991232,0,0,0,0,25,0,0,0,0,0,0.0,0
4,False,False,0,100991232,256,1230,723535,3,19,0,0,0,0,0,0.0,0
4,False,False,0,100991232,768,0,748832,3,25,0,1176,0,0,0,4.1e-322,0
4,False,False,0,100991232,1280,0,24,0,0,0,151180,0,0,0,2.33e-321,0
4,False,False,0,100991232,0,0,0,0,25,0,0,0,0,0,0.0,0
4,False,False,0,100991232,256,1262,728579,3,19,0,0,0,0,0,0.0,0
4,False,False,0,100991232,768,0,753908,3,25,0,1176,0,0,0,4.1e-322,0
4,False,False,0,100991232,1280,0,24,0,0,0,152148,0,0,0,2.347e-321,0
4,False,False,0,100991232,0,0,0,0,25,0,0,0,0,0,0.0,0
4,False,False,0,100991232,256,1278,733591,3,19,0,0,0,0,0,0.0,0
4,False,False,0,100991232,768,0,758936,3,25,0,1176,0,0,0,4.1e-322,0
4,False,False,0,100991232,1280,0,24,0,0,0,153116,0,0,0,2.36e-321,0
4,False,False,0,100991232,0,0,0,0,25,0,0,0,0,0,0.0,0
4,False,False,0,100991232,256,1294,738539,3,19,0,0,0,0,0,0.0,0
4,False,False,0,100991232,768,0,763900,3,25,0,1176,0,0,0,4.1e-322,0
4,False,False,0,100991232,1280,0,24,0,0,0,154084,0,0,0,2.376e-321,0
4,False,False,0,100991232,0,0,0,0,25,0,0,0,0,0,0.0,0
4,False,False,0,100991232,256,1262,743351,3,19,0,0,0,0,0,0.0,0
4,False,False,0,100991232,768,0,768680,3,25,0,1176,0,0,0,4.1e-322,0
4,False,False,0,100991232,1280,0,24,0,0,0,155052,0,0,0,2.39e-321,0
4,False,False,0,100991232,0,0,0,0,25,0,0,0,0,0,0.0,0
4,False,False,0,100991232,256,1214,748155,3,19,0,0,0,0,0,0.0,0
4,False,False,0,100991232,768,0,773436,3,25,0,1176,0,0,0,4.1e-322,0
4,False,False,0,100991232,1280,0,24,0,0,0,156020,0,0,0,2.406e-321,0
4,False,False,0,100991232,0,0,0,0,25,0,0,0,0,0,0.0,0
4,False,False,0,100991232,256,1214,752943,3,19,0,0,0,0,0,0.0,0
4,False,False,0,100991232,768,0,778224,3,25,0,1176,0,0,0,4.1e-322,0
4,False,False,0,100991232,1280,0,24,0,0,0,156988,0,0,0,2.42e-321,0
4,False,False,0,100991232,0,0,0,0,25,0,0,0,0,0,0.0,0
4,False,False,0,100991232,256,1262,757851,3,19,0,0,0,0,0,0.0,0
4,False,False,0,100991232,768,0,783180,3,25,0,1176,0,0,0,4.1e-322,0
4,False,False,0,100991232,1280,0,24,0,0,0,157956,0,0,0,2.436e-321,0
4,False,False,0,100991232,0,0,0,0,25,0,0,0,0,0,0.0,0
4,False,False,0,100991232,256,1310,762855,3,19,0,0,0,0,0,0.0,0
4,False,False,0,100991232,768,0,788232,3,25,0,1176,0,0,0,4.1e-322,0
4,False,False,0,100991232,1280,0,24,0,0,0,158924,0,0,0,2.45e-321,0
4,False,False,0,100991232,0,0,0,0,25,0,0,0,0,0,0.0,0
4,False,False,0,100991232,256,1278,767891,3,19,0,0,0,0,0,0.0,0
4,False,False,0,100991232,768,0,793236,3,25,0,1176,0,0,0,4.1e-322,0
4,False,False,0,100991232,1280,0,24,0,0,0,159892,0,0,0,2.465e-321,0
4,False,False,0,100991232,0,0,0,0,25,0,0,0,0,0,0.0,0
4,False,False,0,100991232,256,1334,772775,3,19,0,0,0,0,0,0.0,0
4,False,False,0,100991232,768,0,798176,3,25,0,1176,0,0,0,4.1e-322,0
4,False,False,0,100991232,1280,0,24,0,0,0,160860,0,0,0,2.48e-321,0
4,False,False,0,100991232,0,0,0,0,25,0,0,0,0,0,0.0,0
4,False,False,0,100991232,256,1310,777811,3,19,0,0,0,0,0,0.0,0
4,False,False,0,100991232,768,0,803188,3,25,0,1176,0,0,0,4.1e-322,0
4,False,False,0,100991232,1280,0,24,0,0,0,161828,0,0,0,2.495e-321,0
4,False,False,0,100991232,0,0,0,0,25,0,0,0,0,0,0.0,0
4,False,False,0,100991232,256,1214,782975,3,19,0,0,0,0,0,0.0,0
4,False,False,0,100991232,768,0,808256,3,25,0,1176,0,0,0,4.1e-322,0
4,False,False,0,100991232,1280,0,24,0,0,0,162796,0,0,0,2.51e-321,0
4,False,False,0,100991232,0,0,0,0,25,0,0,0,0,0,0.0,0
4,False,False,0,100991232,256,1310,788027,3,19,0,0,0,0,0,0.0,0
4,False,False,0,100991232,768,0,813404,3,25,0,1176,0,0,0,4.1e-322,0
4,False,False,0,100991232,1280,0,24,0,0,0,163764,0,0,0,2.525e-321,0
4,False,False,0,100991232,0,0,0,0,25,0,0,0,0,0,0.0,0
4,False,False,0,100991232,256,1294,792983,3,19,0,0,0,0,0,0.0,0
4,False,False,0,100991232,768,0,818344,3,25,0,1176,0,0,0,4.1e-322,0
4,False,False,0,100991232,1280,0,24,0,0,0,164732,0,0,0,2.54e-321,0
4,False,False,0,100991232,0,0,0,0,25,0,0,0,0,0,0.0,0
4,False,False,0,100991232,256,1246,798043,3,19,0,0,0,0,0,0.0,0
4,False,False,0,100991232,768,0,823356,3,25,0,1176,0,0,0,4.1e-322,0
4,False,False,0,100991232,1280,0,24,0,0,0,165700,0,0,0,2.554e-321,0
4,False,False,0,100991232,0,0,0,0,25,0,0,0,0,0,0.0,0
4,False,False,0,100991232,256,1310,803039,3,19,0,0,0,0,0,0.0,0
4,False,False,0,100991232,768,0,828416,3,25,0,1176,0,0,0,4.1e-322,0
4,False,False,0,100991232,1280,0,24,0,0,0,166668,0,0,0,2.57e-321,0
4,False,False,0,100991232,0,0,0,0,25,0,0,0,0,0,0.0,0
4,False,False,0,100991232,256,1278,808211,3,19,0,0,0,0,0,0.0,0
4,False,False,0,100991232,768,0,833556,3,25,0,1176,0,0,0,4.1e-322,0
4,False,False,0,100991232,1280,0,24,0,0,0,167636,0,0,0,2.584e-321,0
4,False,False,0,100991232,0,0,0,0,25,0,0,0,0,0,0.0,0
4,False,False,0,100991232,256,1230,813295,3,19,0,0,0,0,0,0.0,0
4,False,False,0,100991232,768,0,838592,3,25,0,1176,0,0,0,4.1e-322,0
4,False,False,0,100991232,1280,0,24,0,0,0,168604,0,0,0,2.6e-321,0
4,False,False,0,100991232,0,0,0,0,25,0,0,0,0,0,0.0,0
4,False,False,0,100991232,256,1238,818355,3,19,0,0,0,0,0,0.0,0
4,False,False,0,100991232,768,0,843660,3,25,0,1176,0,0,0,4.1e-322,0
4,False,False,0,100991232,1280,0,24,0,0,0,169572,0,0,0,2.614e-321,0
4,False,False,0,100991232,0,0,0,0,25,0,0,0,0,0,0.0,0
4,False,False,0,100991232,256,1294,823343,3,19,0,0,0,0,0,0.0,0
4,False,False,0,100991232,768,0,848704,3,25,0,1176,0,0,0,4.1e-322,0
4,False,False,0,100991232,1280,0,24,0,0,0,170540,0,0,0,2.63e-321,0
4,False,False,0,100991232,0,0,0,0,25,0,0,0,0,0,0.0,0
4,False,False,0,100991232,256,1278,828411,3,19,0,0,0,0,0,0.0,0
4,False,False,0,100991232,768,0,853756,3,25,0,1176,0,0,0,4.1e-322,0
4,False,False,0,100991232,1280,0,24,0,0,0,171508,0,0,0,2.643e-321,0
4,False,False,0,100991232,0,0,0,0,25,0,0,0,0,0,0.0,0
4,False,False,0,100991232,256,1294,833303,3,19,0,0,0,0,0,0.0,0
4,False,False,0,100991232,768,0,858664,3,25,0,1176,0,0,0,4.1e-322,0
4,False,False,0,100991232,1280,0,24,0,0,0,172476,0,0,0,2.66e-321,0
