message_type,timestamp,iTOW,week,leapS,numMeas,recStat,version,meas_index,prMes,cpMes,doMes,gnssId,svId,sigId,freqId,locktime,cno,prStdev,cpStdev,doStdev,trkStat
RAWX,2025-09-27T14:30:27.907000+00:00,0.000000000,0,18,0,0,0,,,,,,,,,,,,,,
RAWX,2025-09-27T14:30:32+00:00,0.000000000,0,18,0,0,0,,,,,,,,,,,,,,
RAWX,2025-09-27T14:30:37+00:00,0.000000000,0,18,0,0,0,,,,,,,,,,,,,,
RAWX,2025-09-27T14:30:42+00:00,0.000000000,0,18,0,0,0,,,,,,,,,,,,,,
RAWX,2025-09-27T14:30:47+00:00,0.000000000,0,18,0,0,0,,,,,,,,,,,,,,
RAWX,2025-09-27T14:31:17+00:00,0.000000000,2385,18,27,0,0,0.000000000,21440570.761294674,112670959.980001166,1716.540405273,0.000000000,10.000000000,0.000000000,0.000000000,6000.000000000,46.000000000,3.000000000,1.000000000,6.000000000,7.000000000
RAWX,2025-09-27T14:31:17+00:00,0.000000000,2385,18,27,0,0,1.000000000,22554224.609760512,118523255.293232664,-3853.393066406,0.000000000,13.000000000,0.000000000,0.000000000,6000.000000000,30.000000000,6.000000000,6.000000000,8.000000000,7.000000000
RAWX,2025-09-27T14:31:17+00:00,0.000000000,2385,18,27,0,0,2.000000000,19635477.538038284,103185136.607494742,-3030.752929688,0.000000000,15.000000000,0.000000000,0.000000000,6000.000000000,37.000000000,5.000000000,3.000000000,7.000000000,15.000000000
RAWX,2025-09-27T14:31:17+00:00,0.000000000,2385,18,27,0,0,3.000000000,18798280.839014001,98785632.007116124,698.568359375,0.000000000,23.000000000,0.000000000,0.000000000,6000.000000000,50.000000000,3.000000000,1.000000000,5.000000000,7.000000000
RAWX,2025-09-27T14:31:17+00:00,0.000000000,2385,18,27,0,0,4.000000000,22262038.355740119,116987800.733075738,260.778808594,0.000000000,27.000000000,0.000000000,0.000000000,6000.000000000,42.000000000,4.000000000,2.000000000,7.000000000,15.000000000
RAWX,2025-09-27T14:31:17+00:00,0.000000000,2385,18,27,0,0,5.000000000,22201579.126875401,115609452.202636480,1109.188964844,3.000000000,19.000000000,0.000000000,0.000000000,6000.000000000,45.000000000,3.000000000,1.000000000,6.000000000,7.000000000
RAWX,2025-09-27T14:31:17+00:00,0.000000000,2385,18,27,0,0,6.000000000,20279795.308655035,105602216.766956955,-537.749755859,3.000000000,20.000000000,0.000000000,0.000000000,6000.000000000,53.000000000,3.000000000,1.000000000,4.000000000,7.000000000
RAWX,2025-09-27T14:31:17+00:00,0.000000000,2385,18,27,0,0,7.000000000,20089143.050506968,104609438.162224621,-755.279052734,3.000000000,29.000000000,0.000000000,0.000000000,6000.000000000,36.000000000,5.000000000,3.000000000,8.000000000,7.000000000
RAWX,2025-09-27T14:31:17+00:00,0.000000000,2385,18,27,0,0,8.000000000,23445513.187657431,122086941.143034011,2059.929443359,3.000000000,35.000000000,0.000000000,0.000000000,6000.000000000,47.000000000,3.000000000,1.000000000,5.000000000,15.000000000
RAWX,2025-09-27T14:31:17+00:00,0.000000000,2385,18,27,0,0,9.000000000,20137384.429918062,104860644.518386409,286.954589844,3.000000000,9.000000000,0.000000000,0.000000000,0.000000000,25.000000000,8.000000000,15.000000000,10.000000000,1.000000000
RAWX,2025-09-27T14:31:17+00:00,0.000000000,2385,18,27,0,0,10.000000000,20595436.380655482,109901199.749326065,1730.220214844,6.000000000,2.000000000,0.000000000,3.000000000,6000.000000000,39.000000000,5.000000000,2.000000000,7.000000000,15.000000000
RAWX,2025-09-27T14:31:17+00:00,0.000000000,2385,18,27,0,0,11.000000000,22149423.170621745,118276682.277259201,-1312.754028320,6.000000000,9.000000000,0.000000000,5.000000000,6000.000000000,32.000000000,7.000000000,5.000000000,8.000000000,15.000000000
RAWX,2025-09-27T14:31:17+00:00,0.000000000,2385,18,27,0,0,12.000000000,18078518.544621572,96640041.115492329,-227.942901611,6.000000000,1.000000000,0.000000000,8.000000000,6000.000000000,50.000000000,5.000000000,1.000000000,5.000000000,15.000000000
RAWX,2025-09-27T14:31:17+00:00,0.000000000,2385,18,27,0,0,13.000000000,18003449.788460035,96272533.117349446,1660.081909180,6.000000000,24.000000000,0.000000000,9.000000000,6000.000000000,50.000000000,5.000000000,1.000000000,4.000000000,15.000000000
RAWX,2025-09-27T14:31:17+00:00,0.000000000,2385,18,27,0,0,14.000000000,22793046.565245438,119778265.424871653,-2405.503173828,2.000000000,8.000000000,0.000000000,0.000000000,6000.000000000,45.000000000,3.000000000,1.000000000,5.000000000,7.000000000
RAWX,2025-09-27T14:31:17+00:00,0.000000000,2385,18,27,0,0,15.000000000,18545327.249151692,97456350.323738545,2537.877929688,2.000000000,18.000000000,0.000000000,0.000000000,6000.000000000,45.000000000,3.000000000,1.000000000,6.000000000,7.000000000
RAWX,2025-09-27T14:31:17+00:00,0.000000000,2385,18,27,0,0,16.000000000,22060806.979519326,115930323.509424716,1502.823242188,2.000000000,26.000000000,0.000000000,0.000000000,6000.000000000,49.000000000,3.000000000,1.000000000,5.000000000,7.000000000
RAWX,2025-09-27T14:31:17+00:00,0.000000000,2385,18,27,0,0,17.000000000,22135534.532131806,118451692.589976132,3919.922119141,6.000000000,17.000000000,0.000000000,11.000000000,3720.000000000,31.000000000,8.000000000,7.000000000,9.000000000,15.000000000
RAWX,2025-09-27T14:31:17+00:00,0.000000000,2385,18,27,0,0,18.000000000,19233646.559212819,102995303.861809760,-2650.565917969,6.000000000,8.000000000,0.000000000,13.000000000,6000.000000000,48.000000000,5.000000000,1.000000000,5.000000000,15.000000000
RAWX,2025-09-27T14:31:17+00:00,0.000000000,2385,18,27,0,0,19.000000000,22793047.105434377,91778155.451347023,-1843.298583984,2.000000000,8.000000000,6.000000000,0.000000000,6000.000000000,41.000000000,3.000000000,2.000000000,6.000000000,7.000000000
RAWX,2025-09-27T14:31:17+00:00,0.000000000,2385,18,27,0,0,20.000000000,22060809.982073590,88829739.744778290,1151.540039062,2.000000000,26.000000000,6.000000000,0.000000000,6000.000000000,49.000000000,3.000000000,1.000000000,4.000000000,7.000000000
RAWX,2025-09-27T14:31:17+00:00,0.000000000,2385,18,27,0,0,21.000000000,18545333.693098295,74674372.628755808,1944.634765625,2.000000000,18.000000000,6.000000000,0.000000000,6000.000000000,46.000000000,3.000000000,1.000000000,5.000000000,7.000000000
RAWX,2025-09-27T14:31:17+00:00,0.000000000,2385,18,27,0,0,22.000000000,21440573.176823616,87795561.551591083,1337.561035156,0.000000000,10.000000000,3.000000000,0.000000000,6000.000000000,43.000000000,4.000000000,1.000000000,6.000000000,7.000000000
RAWX,2025-09-27T14:31:17+00:00,0.000000000,2385,18,27,0,0,23.000000000,19635485.691617623,80404022.913734511,-2361.185791016,0.000000000,15.000000000,3.000000000,0.000000000,6000.000000000,35.000000000,5.000000000,3.000000000,8.000000000,7.000000000
RAWX,2025-09-27T14:31:17+00:00,0.000000000,2385,18,27,0,0,24.000000000,17987035.331465531,73653908.253769532,-265.497802734,0.000000000,18.000000000,3.000000000,0.000000000,6000.000000000,33.000000000,6.000000000,4.000000000,8.000000000,7.000000000
RAWX,2025-09-27T14:31:17+00:00,0.000000000,2385,18,27,0,0,25.000000000,18798279.902007110,76975815.908861399,544.353515625,0.000000000,23.000000000,3.000000000,0.000000000,6000.000000000,49.000000000,3.000000000,1.000000000,4.000000000,7.000000000
RAWX,2025-09-27T14:31:17+00:00,0.000000000,2385,18,27,0,0,26.000000000,22262043.135564163,91159342.653090805,203.372573853,0.000000000,27.000000000,3.000000000,0.000000000,6000.000000000,41.000000000,4.000000000,2.000000000,6.000000000,7.000000000
RAWX,2025-09-27T14:31:22+00:00,0.000000000,2385,18,27,0,0,0.000000000,21438937.764194924,112662377.356809631,1716.479492188,0.000000000,10.000000000,0.000000000,0.000000000,7000.000000000,47.000000000,3.000000000,1.000000000,6.000000000,7.000000000
RAWX,2025-09-27T14:31:22+00:00,0.000000000,2385,18,27,0,0,1.000000000,22557890.401291788,118542521.034768403,-3852.543945312,0.000000000,13.000000000,0.000000000,0.000000000,7000.000000000,29.000000000,6.000000000,6.000000000,8.000000000,7.000000000
RAWX,2025-09-27T14:31:22+00:00,0.000000000,2385,18,27,0,0,2.000000000,19638361.234821968,103200291.578094512,-3031.605957031,0.000000000,15.000000000,0.000000000,0.000000000,7000.000000000,38.000000000,4.000000000,2.000000000,7.000000000,15.000000000
RAWX,2025-09-27T14:31:22+00:00,0.000000000,2385,18,27,0,0,3.000000000,18797616.745710000,98782141.687875286,697.731201172,0.000000000,23.000000000,0.000000000,0.000000000,7000.000000000,50.000000000,3.000000000,1.000000000,5.000000000,7.000000000
RAWX,2025-09-27T14:31:22+00:00,0.000000000,2385,18,27,0,0,4.000000000,22261791.626902096,116986504.710435033,258.020507812,0.000000000,27.000000000,0.000000000,0.000000000,7000.000000000,42.000000000,4.000000000,2.000000000,6.000000000,15.000000000
RAWX,2025-09-27T14:31:22+00:00,0.000000000,2385,18,27,0,0,5.000000000,22200514.695143271,115603909.115972444,1108.308593750,3.000000000,19.000000000,0.000000000,0.000000000,7000.000000000,45.000000000,3.000000000,1.000000000,6.000000000,7.000000000
RAWX,2025-09-27T14:31:22+00:00,0.000000000,2385,18,27,0,0,6.000000000,20280311.925562058,105604907.898291707,-538.510253906,3.000000000,20.000000000,0.000000000,0.000000000,7000.000000000,53.000000000,3.000000000,1.000000000,4.000000000,7.000000000
RAWX,2025-09-27T14:31:22+00:00,0.000000000,2385,18,27,0,0,7.000000000,20089869.470963072,104613219.905805767,-758.054199219,3.000000000,29.000000000,0.000000000,0.000000000,7000.000000000,36.000000000,5.000000000,3.000000000,8.000000000,7.000000000
RAWX,2025-09-27T14:31:22+00:00,0.000000000,2385,18,27,0,0,8.000000000,23443536.221149113,122076646.530636445,2058.044921875,3.000000000,35.000000000,0.000000000,0.000000000,7000.000000000,47.000000000,3.000000000,1.000000000,5.000000000,15.000000000
RAWX,2025-09-27T14:31:22+00:00,0.000000000,2385,18,27,0,0,9.000000000,20137110.218313314,104859216.785961747,287.065429688,3.000000000,9.000000000,0.000000000,0.000000000,0.000000000,25.000000000,8.000000000,15.000000000,10.000000000,1.000000000
RAWX,2025-09-27T14:31:22+00:00,0.000000000,2385,18,27,0,0,10.000000000,20593815.932844918,109892553.492966443,1728.480102539,6.000000000,2.000000000,0.000000000,3.000000000,7000.000000000,39.000000000,5.000000000,2.000000000,7.000000000,15.000000000
RAWX,2025-09-27T14:31:22+00:00,0.000000000,2385,18,27,0,0,11.000000000,22150654.385252949,118283255.732900277,-1317.514648438,6.000000000,9.000000000,0.000000000,5.000000000,7000.000000000,32.000000000,7.000000000,4.000000000,8.000000000,15.000000000
RAWX,2025-09-27T14:31:22+00:00,0.000000000,2385,18,27,0,0,12.000000000,18078732.501113068,96641185.271924421,-229.592300415,6.000000000,1.000000000,0.000000000,8.000000000,7000.000000000,50.000000000,5.000000000,1.000000000,4.000000000,15.000000000
RAWX,2025-09-27T14:31:22+00:00,0.000000000,2385,18,27,0,0,13.000000000,18001899.672425851,96264243.494085297,1655.924316406,6.000000000,24.000000000,0.000000000,9.000000000,7000.000000000,51.000000000,5.000000000,1.000000000,4.000000000,15.000000000
RAWX,2025-09-27T14:31:22+00:00,0.000000000,2385,18,27,0,0,14.000000000,22795334.729374208,119790294.801377296,-2406.145263672,2.000000000,8.000000000,0.000000000,0.000000000,7000.000000000,44.000000000,3.000000000,1.000000000,5.000000000,7.000000000
RAWX,2025-09-27T14:31:22+00:00,0.000000000,2385,18,27,0,0,15.000000000,18542915.300297964,97443675.787452891,2532.212890625,2.000000000,18.000000000,0.000000000,0.000000000,7000.000000000,44.000000000,3.000000000,1.000000000,5.000000000,7.000000000
RAWX,2025-09-27T14:31:22+00:00,0.000000000,2385,18,27,0,0,16.000000000,22059378.168952968,115922813.091293946,1501.366699219,2.000000000,26.000000000,0.000000000,0.000000000,7000.000000000,49.000000000,3.000000000,1.000000000,5.000000000,7.000000000
RAWX,2025-09-27T14:31:22+00:00,0.000000000,2385,18,27,0,0,17.000000000,22131871.329724237,118432093.134804130,3919.519042969,6.000000000,17.000000000,0.000000000,11.000000000,4720.000000000,31.000000000,7.000000000,7.000000000,9.000000000,15.000000000
RAWX,2025-09-27T14:31:22+00:00,0.000000000,2385,18,27,0,0,18.000000000,19236121.323475737,103008558.172632650,-2651.003906250,6.000000000,8.000000000,0.000000000,13.000000000,7000.000000000,48.000000000,5.000000000,1.000000000,5.000000000,15.000000000
RAWX,2025-09-27T14:31:22+00:00,0.000000000,2385,18,27,0,0,19.000000000,22795336.124274813,91787372.755231410,-1843.493774414,2.000000000,8.000000000,6.000000000,0.000000000,7000.000000000,41.000000000,3.000000000,2.000000000,6.000000000,7.000000000
RAWX,2025-09-27T14:31:22+00:00,0.000000000,2385,18,27,0,0,20.000000000,22059380.752562404,88823985.001025125,1150.490356445,2.000000000,26.000000000,6.000000000,0.000000000,7000.000000000,49.000000000,3.000000000,1.000000000,4.000000000,7.000000000
RAWX,2025-09-27T14:31:22+00:00,0.000000000,2385,18,27,0,0,21.000000000,18542921.850062691,74664660.977086201,1940.232177734,2.000000000,18.000000000,6.000000000,0.000000000,7000.000000000,46.000000000,3.000000000,1.000000000,5.000000000,7.000000000
RAWX,2025-09-27T14:31:22+00:00,0.000000000,2385,18,27,0,0,22.000000000,21438940.172743779,87788873.805462763,1337.542724609,0.000000000,10.000000000,3.000000000,0.000000000,7000.000000000,44.000000000,4.000000000,1.000000000,6.000000000,7.000000000
RAWX,2025-09-27T14:31:22+00:00,0.000000000,2385,18,27,0,0,23.000000000,19638369.441310365,80415831.948227108,-2361.950439453,0.000000000,15.000000000,3.000000000,0.000000000,7000.000000000,34.000000000,5.000000000,4.000000000,8.000000000,7.000000000
RAWX,2025-09-27T14:31:22+00:00,0.000000000,2385,18,27,0,0,24.000000000,17987361.098551974,73655242.562127501,-267.997802734,0.000000000,18.000000000,3.000000000,0.000000000,7000.000000000,32.000000000,6.000000000,5.000000000,8.000000000,7.000000000
RAWX,2025-09-27T14:31:22+00:00,0.000000000,2385,18,27,0,0,25.000000000,18797615.695486099,76973096.179202542,543.669006348,0.000000000,23.000000000,3.000000000,0.000000000,7000.000000000,49.000000000,3.000000000,1.000000000,5.000000000,7.000000000
RAWX,2025-09-27T14:31:22+00:00,0.000000000,2385,18,27,0,0,26.000000000,22261796.305654477,91158332.776253983,200.899917603,0.000000000,27.000000000,3.000000000,0.000000000,7000.000000000,41.000000000,4.000000000,2.000000000,7.000000000,7.000000000
RAWX,2025-09-27T14:31:27+00:00,0.000000000,2385,18,27,0,0,0.000000000,21437304.695339877,112653793.766868070,1716.631958008,0.000000000,10.000000000,0.000000000,0.000000000,8000.000000000,48.000000000,3.000000000,1.000000000,6.000000000,7.000000000
RAWX,2025-09-27T14:31:27+00:00,0.000000000,2385,18,27,0,0,1.000000000,22561555.663174056,118561785.590553433,-3852.924316406,0.000000000,13.000000000,0.000000000,0.000000000,8000.000000000,29.000000000,6.000000000,5.000000000,7.000000000,7.000000000
RAWX,2025-09-27T14:31:27+00:00,0.000000000,2385,18,27,0,0,2.000000000,19641246.501148038,103215450.088396505,-3032.019042969,0.000000000,15.000000000,0.000000000,0.000000000,8000.000000000,39.000000000,5.000000000,2.000000000,7.000000000,15.000000000
RAWX,2025-09-27T14:31:27+00:00,0.000000000,2385,18,27,0,0,3.000000000,18796953.166559219,98778654.328861892,697.114990234,0.000000000,23.000000000,0.000000000,0.000000000,8000.000000000,50.000000000,3.000000000,1.000000000,5.000000000,7.000000000
RAWX,2025-09-27T14:31:27+00:00,0.000000000,2385,18,27,0,0,4.000000000,22261547.534303367,116985222.859113961,254.889648438,0.000000000,27.000000000,0.000000000,0.000000000,8000.000000000,43.000000000,3.000000000,1.000000000,6.000000000,15.000000000
RAWX,2025-09-27T14:31:27+00:00,0.000000000,2385,18,27,0,0,5.000000000,22199450.817001853,115598369.611778915,1107.481445312,3.000000000,19.000000000,0.000000000,0.000000000,8000.000000000,45.000000000,3.000000000,1.000000000,5.000000000,7.000000000
RAWX,2025-09-27T14:31:27+00:00,0.000000000,2385,18,27,0,0,6.000000000,20280829.496507388,105607602.259442717,-539.318847656,3.000000000,20.000000000,0.000000000,0.000000000,8000.000000000,53.000000000,3.000000000,1.000000000,4.000000000,7.000000000
RAWX,2025-09-27T14:31:27+00:00,0.000000000,2385,18,27,0,0,7.000000000,20090598.373817347,104617015.166734248,-760.777587891,3.000000000,29.000000000,0.000000000,0.000000000,8000.000000000,36.000000000,4.000000000,3.000000000,7.000000000,7.000000000
RAWX,2025-09-27T14:31:27+00:00,0.000000000,2385,18,27,0,0,8.000000000,23441560.949685141,122066360.547124475,2056.170654297,3.000000000,35.000000000,0.000000000,0.000000000,8000.000000000,47.000000000,3.000000000,1.000000000,5.000000000,15.000000000
RAWX,2025-09-27T14:31:27+00:00,0.000000000,2385,18,27,0,0,9.000000000,20136836.054452363,104857788.758659482,284.415039062,3.000000000,9.000000000,0.000000000,0.000000000,0.000000000,26.000000000,8.000000000,15.000000000,10.000000000,1.000000000
RAWX,2025-09-27T14:31:27+00:00,0.000000000,2385,18,27,0,0,10.000000000,20592197.212187108,109883914.769116580,1726.708251953,6.000000000,2.000000000,0.000000000,3.000000000,8000.000000000,38.000000000,6.000000000,2.000000000,7.000000000,15.000000000
RAWX,2025-09-27T14:31:27+00:00,0.000000000,2385,18,27,0,0,11.000000000,22151888.209738720,118289846.376599520,-1319.764404297,6.000000000,9.000000000,0.000000000,5.000000000,8000.000000000,31.000000000,7.000000000,6.000000000,9.000000000,15.000000000
RAWX,2025-09-27T14:31:27+00:00,0.000000000,2385,18,27,0,0,12.000000000,18078948.018282242,96642336.903475419,-231.270767212,6.000000000,1.000000000,0.000000000,8.000000000,8000.000000000,51.000000000,5.000000000,1.000000000,4.000000000,15.000000000
RAWX,2025-09-27T14:31:27+00:00,0.000000000,2385,18,27,0,0,13.000000000,18000353.130615070,96255973.245986238,1651.975585938,6.000000000,24.000000000,0.000000000,9.000000000,8000.000000000,51.000000000,5.000000000,1.000000000,4.000000000,15.000000000
RAWX,2025-09-27T14:31:27+00:00,0.000000000,2385,18,27,0,0,14.000000000,22797623.625155706,119802327.307162061,-2406.841308594,2.000000000,8.000000000,0.000000000,0.000000000,8000.000000000,43.000000000,3.000000000,1.000000000,6.000000000,7.000000000
RAWX,2025-09-27T14:31:27+00:00,0.000000000,2385,18,27,0,0,15.000000000,18540508.787396468,97431029.406359181,2526.481445312,2.000000000,18.000000000,0.000000000,0.000000000,8000.000000000,44.000000000,3.000000000,1.000000000,6.000000000,7.000000000
RAWX,2025-09-27T14:31:27+00:00,0.000000000,2385,18,27,0,0,16.000000000,22057950.182036884,115915308.832108930,1500.136962891,2.000000000,26.000000000,0.000000000,0.000000000,8000.000000000,49.000000000,3.000000000,1.000000000,4.000000000,7.000000000
RAWX,2025-09-27T14:31:27+00:00,0.000000000,2385,18,27,0,0,17.000000000,22128208.850244287,118412497.316745073,3918.087158203,6.000000000,17.000000000,0.000000000,11.000000000,5720.000000000,31.000000000,7.000000000,5.000000000,8.000000000,15.000000000
RAWX,2025-09-27T14:31:27+00:00,0.000000000,2385,18,27,0,0,18.000000000,19238596.633232467,103021812.903928965,-2651.029052734,6.000000000,8.000000000,0.000000000,13.000000000,8000.000000000,48.000000000,5.000000000,1.000000000,5.000000000,15.000000000
RAWX,2025-09-27T14:31:27+00:00,0.000000000,2385,18,27,0,0,19.000000000,22797626.136521243,91796592.452784345,-1844.338134766,2.000000000,8.000000000,6.000000000,0.000000000,8000.000000000,41.000000000,3.000000000,2.000000000,6.000000000,7.000000000
RAWX,2025-09-27T14:31:27+00:00,0.000000000,2385,18,27,0,0,20.000000000,22057952.733956728,88818234.986084357,1149.485107422,2.000000000,26.000000000,6.000000000,0.000000000,8000.000000000,49.000000000,3.000000000,1.000000000,4.000000000,7.000000000
RAWX,2025-09-27T14:31:27+00:00,0.000000000,2385,18,27,0,0,21.000000000,18540515.352098580,74654970.898050845,1935.647216797,2.000000000,18.000000000,6.000000000,0.000000000,8000.000000000,46.000000000,3.000000000,1.000000000,5.000000000,7.000000000
RAWX,2025-09-27T14:31:27+00:00,0.000000000,2385,18,27,0,0,22.000000000,21437306.950466417,87782185.301489279,1337.713623047,0.000000000,10.000000000,3.000000000,0.000000000,8000.000000000,44.000000000,4.000000000,1.000000000,6.000000000,7.000000000
RAWX,2025-09-27T14:31:27+00:00,0.000000000,2385,18,27,0,0,23.000000000,19641253.812230863,80427643.761674479,-2362.808837891,0.000000000,15.000000000,3.000000000,0.000000000,8000.000000000,34.000000000,6.000000000,4.000000000,8.000000000,7.000000000
RAWX,2025-09-27T14:31:27+00:00,0.000000000,2385,18,27,0,0,24.000000000,17987690.067474172,73656589.340890825,-271.163330078,0.000000000,18.000000000,3.000000000,0.000000000,8000.000000000,33.000000000,6.000000000,4.000000000,8.000000000,7.000000000
RAWX,2025-09-27T14:31:27+00:00,0.000000000,2385,18,27,0,0,25.000000000,18796952.028805021,76970378.745598614,543.210693359,0.000000000,23.000000000,3.000000000,0.000000000,8000.000000000,49.000000000,3.000000000,1.000000000,4.000000000,7.000000000
RAWX,2025-09-27T14:31:27+00:00,0.000000000,2385,18,27,0,0,26.000000000,22261552.325225748,91157333.941575676,198.382080078,0.000000000,27.000000000,3.000000000,0.000000000,8000.000000000,42.000000000,4.000000000,2.000000000,7.000000000,7.000000000
RAWX,2025-09-27T14:31:32+00:00,0.000000000,2385,18,27,0,0,0.000000000,21435672.071535185,112645212.875348583,1715.765380859,0.000000000,10.000000000,0.000000000,0.000000000,9000.000000000,48.000000000,3.000000000,1.000000000,6.000000000,7.000000000
RAWX,2025-09-27T14:31:32+00:00,0.000000000,2385,18,27,0,0,1.000000000,22565221.496167053,118581052.487119079,-3853.784179688,0.000000000,13.000000000,0.000000000,0.000000000,9000.000000000,28.000000000,6.000000000,5.000000000,8.000000000,7.000000000
RAWX,2025-09-27T14:31:32+00:00,0.000000000,2385,18,27,0,0,2.000000000,19644132.648779903,103230615.862355605,-3033.965332031,0.000000000,15.000000000,0.000000000,0.000000000,9000.000000000,38.000000000,5.000000000,2.000000000,7.000000000,15.000000000
RAWX,2025-09-27T14:31:32+00:00,0.000000000,2385,18,27,0,0,3.000000000,18796290.832167368,98775173.601593778,695.226074219,0.000000000,23.000000000,0.000000000,0.000000000,9000.000000000,50.000000000,3.000000000,1.000000000,4.000000000,7.000000000
RAWX,2025-09-27T14:31:32+00:00,0.000000000,2385,18,27,0,0,4.000000000,22261306.894195314,116983958.842617601,250.650634766,0.000000000,27.000000000,0.000000000,0.000000000,9000.000000000,43.000000000,3.000000000,1.000000000,6.000000000,15.000000000
RAWX,2025-09-27T14:31:32+00:00,0.000000000,2385,18,27,0,0,5.000000000,22198388.419965114,115592837.303926796,1105.707763672,3.000000000,19.000000000,0.000000000,0.000000000,9000.000000000,45.000000000,3.000000000,1.000000000,6.000000000,7.000000000
RAWX,2025-09-27T14:31:32+00:00,0.000000000,2385,18,27,0,0,6.000000000,20281348.256999157,105610303.473067731,-541.126220703,3.000000000,20.000000000,0.000000000,0.000000000,9000.000000000,53.000000000,3.000000000,1.000000000,4.000000000,7.000000000
RAWX,2025-09-27T14:31:32+00:00,0.000000000,2385,18,27,0,0,7.000000000,20091330.593469411,104620827.567513585,-764.925048828,3.000000000,29.000000000,0.000000000,0.000000000,9000.000000000,37.000000000,4.000000000,3.000000000,7.000000000,7.000000000
RAWX,2025-09-27T14:31:32+00:00,0.000000000,2385,18,27,0,0,8.000000000,23439588.020040393,122056086.831472561,2053.124755859,3.000000000,35.000000000,0.000000000,0.000000000,9000.000000000,47.000000000,3.000000000,1.000000000,5.000000000,15.000000000
RAWX,2025-09-27T14:31:32+00:00,0.000000000,2385,18,27,0,0,9.000000000,20136563.645664509,104856370.167421207,281.840087891,3.000000000,9.000000000,0.000000000,0.000000000,0.000000000,25.000000000,8.000000000,15.000000000,10.000000000,1.000000000
RAWX,2025-09-27T14:31:32+00:00,0.000000000,2385,18,27,0,0,10.000000000,20590580.181547981,109875287.104974076,1724.141357422,6.000000000,2.000000000,0.000000000,3.000000000,9000.000000000,38.000000000,6.000000000,2.000000000,7.000000000,15.000000000
RAWX,2025-09-27T14:31:32+00:00,0.000000000,2385,18,27,0,0,11.000000000,22153126.188911930,118296457.899275035,-1325.731201172,6.000000000,9.000000000,0.000000000,5.000000000,9000.000000000,32.000000000,7.000000000,5.000000000,8.000000000,15.000000000
RAWX,2025-09-27T14:31:32+00:00,0.000000000,2385,18,27,0,0,12.000000000,18079165.638342254,96643499.688216507,-233.839614868,6.000000000,1.000000000,0.000000000,8.000000000,9000.000000000,51.000000000,5.000000000,1.000000000,4.000000000,15.000000000
RAWX,2025-09-27T14:31:32+00:00,0.000000000,2385,18,27,0,0,13.000000000,17998811.251711871,96247726.439859062,1646.750000000,6.000000000,24.000000000,0.000000000,9.000000000,9000.000000000,51.000000000,5.000000000,1.000000000,4.000000000,15.000000000
RAWX,2025-09-27T14:31:32+00:00,0.000000000,2385,18,27,0,0,14.000000000,22799915.064131938,119814366.566633403,-2408.620361328,2.000000000,8.000000000,0.000000000,0.000000000,9000.000000000,43.000000000,4.000000000,1.000000000,6.000000000,7.000000000
RAWX,2025-09-27T14:31:32+00:00,0.000000000,2385,18,27,0,0,15.000000000,18538108.263688900,97418414.858478621,2519.513427734,2.000000000,18.000000000,0.000000000,0.000000000,9000.000000000,44.000000000,3.000000000,1.000000000,6.000000000,7.000000000
RAWX,2025-09-27T14:31:32+00:00,0.000000000,2385,18,27,0,0,16.000000000,22056523.845911402,115907814.402631655,1497.662597656,2.000000000,26.000000000,0.000000000,0.000000000,9000.000000000,49.000000000,3.000000000,1.000000000,4.000000000,7.000000000
RAWX,2025-09-27T14:31:32+00:00,0.000000000,2385,18,27,0,0,17.000000000,22124547.412612136,118392908.972665504,3916.290527344,6.000000000,17.000000000,0.000000000,11.000000000,6720.000000000,31.000000000,7.000000000,6.000000000,9.000000000,15.000000000
RAWX,2025-09-27T14:31:32+00:00,0.000000000,2385,18,27,0,0,18.000000000,19241072.463215087,103035071.949821576,-2652.326904297,6.000000000,8.000000000,0.000000000,13.000000000,9000.000000000,47.000000000,5.000000000,1.000000000,5.000000000,15.000000000
RAWX,2025-09-27T14:31:32+00:00,0.000000000,2385,18,27,0,0,19.000000000,22799917.200457394,91805817.306765959,-1845.559570312,2.000000000,8.000000000,6.000000000,0.000000000,9000.000000000,41.000000000,3.000000000,2.000000000,6.000000000,7.000000000
RAWX,2025-09-27T14:31:32+00:00,0.000000000,2385,18,27,0,0,20.000000000,22056526.652744025,88812492.494103983,1147.611816406,2.000000000,26.000000000,6.000000000,0.000000000,9000.000000000,49.000000000,3.000000000,1.000000000,4.000000000,7.000000000
RAWX,2025-09-27T14:31:32+00:00,0.000000000,2385,18,27,0,0,21.000000000,18538114.773527529,74645305.190077439,1930.644287109,2.000000000,18.000000000,6.000000000,0.000000000,9000.000000000,46.000000000,3.000000000,1.000000000,5.000000000,7.000000000
RAWX,2025-09-27T14:31:32+00:00,0.000000000,2385,18,27,0,0,22.000000000,21435674.154811978,87775498.893298313,1337.182617188,0.000000000,10.000000000,3.000000000,0.000000000,9000.000000000,44.000000000,3.000000000,1.000000000,6.000000000,7.000000000
RAWX,2025-09-27T14:31:32+00:00,0.000000000,2385,18,27,0,0,23.000000000,19644139.213970620,80439461.223165393,-2364.062011719,0.000000000,15.000000000,3.000000000,0.000000000,9000.000000000,33.000000000,6.000000000,5.000000000,8.000000000,7.000000000
RAWX,2025-09-27T14:31:32+00:00,0.000000000,2385,18,27,0,0,24.000000000,17988022.654664114,73657951.457736075,-274.439941406,0.000000000,18.000000000,3.000000000,0.000000000,9000.000000000,35.000000000,5.000000000,4.000000000,8.000000000,7.000000000
RAWX,2025-09-27T14:31:32+00:00,0.000000000,2385,18,27,0,0,25.000000000,18796289.553275809,76967666.482126385,541.728759766,0.000000000,23.000000000,3.000000000,0.000000000,9000.000000000,49.000000000,3.000000000,1.000000000,4.000000000,7.000000000
RAWX,2025-09-27T14:31:32+00:00,0.000000000,2385,18,27,0,0,26.000000000,22261311.914204154,91156348.980540022,195.379638672,0.000000000,27.000000000,3.000000000,0.000000000,9000.000000000,41.000000000,4.000000000,2.000000000,7.000000000,7.000000000
RAWX,2025-09-27T14:31:37+00:00,0.000000000,2385,18,27,0,0,0.000000000,21434040.111676376,112636634.827225640,1715.362548828,0.000000000,10.000000000,0.000000000,0.000000000,10000.000000000,49.000000000,3.000000000,1.000000000,6.000000000,7.000000000
RAWX,2025-09-27T14:31:37+00:00,0.000000000,2385,18,27,0,0,1.000000000,22568887.926515900,118600321.932811126,-3854.145507812,0.000000000,13.000000000,0.000000000,0.000000000,10000.000000000,28.000000000,6.000000000,6.000000000,8.000000000,7.000000000
RAWX,2025-09-27T14:31:37+00:00,0.000000000,2385,18,27,0,0,2.000000000,19647019.932630345,103245789.036255658,-3034.981689453,0.000000000,15.000000000,0.000000000,0.000000000,10000.000000000,37.000000000,5.000000000,3.000000000,7.000000000,15.000000000
RAWX,2025-09-27T14:31:37+00:00,0.000000000,2385,18,27,0,0,3.000000000,18795629.693324834,98771699.643707275,694.164062500,0.000000000,23.000000000,0.000000000,0.000000000,10000.000000000,50.000000000,3.000000000,1.000000000,5.000000000,7.000000000
RAWX,2025-09-27T14:31:37+00:00,0.000000000,2385,18,27,0,0,4.000000000,22261069.771911561,116982712.811633527,247.539062500,0.000000000,27.000000000,0.000000000,0.000000000,10000.000000000,43.000000000,3.000000000,1.000000000,6.000000000,15.000000000
RAWX,2025-09-27T14:31:37+00:00,0.000000000,2385,18,27,0,0,5.000000000,22197327.301401131,115587312.374840438,1104.388671875,3.000000000,19.000000000,0.000000000,0.000000000,10000.000000000,46.000000000,3.000000000,1.000000000,6.000000000,7.000000000
RAWX,2025-09-27T14:31:37+00:00,0.000000000,2385,18,27,0,0,6.000000000,20281868.230211258,105613011.692448631,-542.332275391,3.000000000,20.000000000,0.000000000,0.000000000,10000.000000000,53.000000000,3.000000000,0.000000000,4.000000000,7.000000000
RAWX,2025-09-27T14:31:37+00:00,0.000000000,2385,18,27,0,0,7.000000000,20092066.145415053,104624657.227776632,-767.860839844,3.000000000,29.000000000,0.000000000,0.000000000,10000.000000000,37.000000000,4.000000000,2.000000000,7.000000000,7.000000000
RAWX,2025-09-27T14:31:37+00:00,0.000000000,2385,18,27,0,0,8.000000000,23437617.280258372,122045825.530173481,2050.984130859,3.000000000,35.000000000,0.000000000,0.000000000,10000.000000000,47.000000000,3.000000000,1.000000000,5.000000000,15.000000000
RAWX,2025-09-27T14:31:37+00:00,0.000000000,2385,18,27,0,0,9.000000000,20136296.504050381,104854979.665936738,279.691162109,3.000000000,9.000000000,0.000000000,0.000000000,0.000000000,25.000000000,8.000000000,15.000000000,11.000000000,1.000000000
RAWX,2025-09-27T14:31:37+00:00,0.000000000,2385,18,27,0,0,10.000000000,20588965.509131283,109866670.703343838,1722.607666016,6.000000000,2.000000000,0.000000000,3.000000000,10000.000000000,38.000000000,6.000000000,2.000000000,7.000000000,15.000000000
RAWX,2025-09-27T14:31:37+00:00,0.000000000,2385,18,27,0,0,11.000000000,22154368.534548424,118303090.441565260,-1329.039306641,6.000000000,9.000000000,0.000000000,5.000000000,10000.000000000,33.000000000,7.000000000,4.000000000,8.000000000,15.000000000
RAWX,2025-09-27T14:31:37+00:00,0.000000000,2385,18,27,0,0,12.000000000,18079385.554222710,96644673.845013008,-235.876480103,6.000000000,1.000000000,0.000000000,8.000000000,10000.000000000,51.000000000,5.000000000,1.000000000,4.000000000,15.000000000
RAWX,2025-09-27T14:31:37+00:00,0.000000000,2385,18,27,0,0,13.000000000,17997273.616213020,96239503.005123124,1642.338623047,6.000000000,24.000000000,0.000000000,9.000000000,10000.000000000,52.000000000,5.000000000,1.000000000,4.000000000,15.000000000
RAWX,2025-09-27T14:31:37+00:00,0.000000000,2385,18,27,0,0,14.000000000,22802208.114810281,119826412.740932584,-2409.885253906,2.000000000,8.000000000,0.000000000,0.000000000,10000.000000000,44.000000000,3.000000000,1.000000000,6.000000000,7.000000000
RAWX,2025-09-27T14:31:37+00:00,0.000000000,2385,18,27,0,0,15.000000000,18535713.679756250,97405832.319231585,2513.304687500,2.000000000,18.000000000,0.000000000,0.000000000,10000.000000000,44.000000000,3.000000000,1.000000000,6.000000000,7.000000000
RAWX,2025-09-27T14:31:37+00:00,0.000000000,2385,18,27,0,0,16.000000000,22055099.388825364,115900329.968725190,1495.944091797,2.000000000,26.000000000,0.000000000,0.000000000,10000.000000000,49.000000000,3.000000000,1.000000000,5.000000000,7.000000000
RAWX,2025-09-27T14:31:37+00:00,0.000000000,2385,18,27,0,0,17.000000000,22120887.512832776,118373328.100326955,3916.116943359,6.000000000,17.000000000,0.000000000,11.000000000,7720.000000000,30.000000000,7.000000000,7.000000000,9.000000000,15.000000000
RAWX,2025-09-27T14:31:37+00:00,0.000000000,2385,18,27,0,0,18.000000000,19243549.337767739,103048335.313748807,-2653.009033203,6.000000000,8.000000000,0.000000000,13.000000000,10000.000000000,48.000000000,5.000000000,1.000000000,5.000000000,15.000000000
RAWX,2025-09-27T14:31:37+00:00,0.000000000,2385,18,27,0,0,19.000000000,22802209.464549724,91815047.480417937,-1846.576660156,2.000000000,8.000000000,6.000000000,0.000000000,10000.000000000,41.000000000,3.000000000,2.000000000,6.000000000,7.000000000
RAWX,2025-09-27T14:31:37+00:00,0.000000000,2385,18,27,0,0,20.000000000,22055102.390681621,88806757.671000808,1146.200073242,2.000000000,26.000000000,6.000000000,0.000000000,10000.000000000,49.000000000,3.000000000,1.000000000,4.000000000,7.000000000
RAWX,2025-09-27T14:31:37+00:00,0.000000000,2385,18,27,0,0,21.000000000,18535720.392017405,74635664.027191028,1925.796875000,2.000000000,18.000000000,6.000000000,0.000000000,10000.000000000,46.000000000,3.000000000,1.000000000,5.000000000,7.000000000
RAWX,2025-09-27T14:31:37+00:00,0.000000000,2385,18,27,0,0,22.000000000,21434041.749623615,87768814.715908870,1336.645507812,0.000000000,10.000000000,3.000000000,0.000000000,10000.000000000,44.000000000,4.000000000,1.000000000,6.000000000,7.000000000
RAWX,2025-09-27T14:31:37+00:00,0.000000000,2385,18,27,0,0,23.000000000,19647026.094511632,80451284.455400556,-2365.109619141,0.000000000,15.000000000,3.000000000,0.000000000,10000.000000000,33.000000000,6.000000000,4.000000000,8.000000000,7.000000000
RAWX,2025-09-27T14:31:37+00:00,0.000000000,2385,18,27,0,0,24.000000000,17988359.063242342,73659329.020806894,-277.562744141,0.000000000,18.000000000,3.000000000,0.000000000,10000.000000000,36.000000000,5.000000000,3.000000000,7.000000000,7.000000000
RAWX,2025-09-27T14:31:37+00:00,0.000000000,2385,18,27,0,0,25.000000000,18795628.516272746,76964959.512286440,540.715576172,0.000000000,23.000000000,3.000000000,0.000000000,10000.000000000,49.000000000,3.000000000,1.000000000,4.000000000,7.000000000
RAWX,2025-09-27T14:31:37+00:00,0.000000000,2385,18,27,0,0,26.000000000,22261074.855648596,91155378.053205311,192.379409790,0.000000000,27.000000000,3.000000000,0.000000000,10000.000000000,42.000000000,4.000000000,2.000000000,6.000000000,7.000000000
RAWX,2025-09-27T14:31:42+00:00,0.000000000,2385,18,27,0,0,0.000000000,21432408.563084301,112628059.907544509,1714.892578125,0.000000000,10.000000000,0.000000000,0.000000000,11000.000000000,49.000000000,3.000000000,1.000000000,5.000000000,7.000000000
RAWX,2025-09-27T14:31:42+00:00,0.000000000,2385,18,27,0,0,1.000000000,22572555.156922333,118619594.216658786,-3854.765625000,0.000000000,13.000000000,0.000000000,0.000000000,11000.000000000,29.000000000,6.000000000,5.000000000,7.000000000,7.000000000
RAWX,2025-09-27T14:31:42+00:00,0.000000000,2385,18,27,0,0,2.000000000,19649909.352527041,103260969.894204468,-3036.650878906,0.000000000,15.000000000,0.000000000,0.000000000,11000.000000000,37.000000000,5.000000000,3.000000000,7.000000000,15.000000000
RAWX,2025-09-27T14:31:42+00:00,0.000000000,2385,18,27,0,0,3.000000000,18794969.972975601,98768232.739948899,693.006103516,0.000000000,23.000000000,0.000000000,0.000000000,11000.000000000,50.000000000,3.000000000,1.000000000,5.000000000,7.000000000
RAWX,2025-09-27T14:31:42+00:00,0.000000000,2385,18,27,0,0,4.000000000,22260836.313964128,116981485.020779818,243.914291382,0.000000000,27.000000000,0.000000000,0.000000000,11000.000000000,42.000000000,4.000000000,1.000000000,6.000000000,15.000000000
RAWX,2025-09-27T14:31:42+00:00,0.000000000,2385,18,27,0,0,5.000000000,22196267.491324272,115581795.064302996,1102.899169922,3.000000000,19.000000000,0.000000000,0.000000000,11000.000000000,45.000000000,3.000000000,1.000000000,6.000000000,7.000000000
RAWX,2025-09-27T14:31:42+00:00,0.000000000,2385,18,27,0,0,6.000000000,20282389.687808685,105615727.186951876,-543.577392578,3.000000000,20.000000000,0.000000000,0.000000000,11000.000000000,53.000000000,3.000000000,1.000000000,4.000000000,7.000000000
RAWX,2025-09-27T14:31:42+00:00,0.000000000,2385,18,27,0,0,7.000000000,20092804.889494129,104628504.433380976,-771.015136719,3.000000000,29.000000000,0.000000000,0.000000000,11000.000000000,38.000000000,4.000000000,2.000000000,7.000000000,7.000000000
RAWX,2025-09-27T14:31:42+00:00,0.000000000,2385,18,27,0,0,8.000000000,23435648.979877185,122035576.927123621,2048.764648438,3.000000000,35.000000000,0.000000000,0.000000000,11000.000000000,47.000000000,3.000000000,1.000000000,5.000000000,15.000000000
RAWX,2025-09-27T14:31:42+00:00,0.000000000,2385,18,27,0,0,9.000000000,20136027.212569423,104853577.409369186,279.149169922,3.000000000,9.000000000,0.000000000,0.000000000,0.000000000,25.000000000,8.000000000,15.000000000,10.000000000,1.000000000
RAWX,2025-09-27T14:31:42+00:00,0.000000000,2385,18,27,0,0,10.000000000,20587353.046191353,109858065.879113153,1720.079345703,6.000000000,2.000000000,0.000000000,3.000000000,11000.000000000,38.000000000,6.000000000,2.000000000,7.000000000,15.000000000
RAWX,2025-09-27T14:31:42+00:00,0.000000000,2385,18,27,0,0,11.000000000,22155614.863999825,118309744.337670565,-1332.395019531,6.000000000,9.000000000,0.000000000,5.000000000,11000.000000000,32.000000000,7.000000000,5.000000000,8.000000000,15.000000000
RAWX,2025-09-27T14:31:42+00:00,0.000000000,2385,18,27,0,0,12.000000000,18079607.364917614,96645859.697428390,-238.086196899,6.000000000,1.000000000,0.000000000,8.000000000,11000.000000000,51.000000000,5.000000000,1.000000000,4.000000000,15.000000000
RAWX,2025-09-27T14:31:42+00:00,0.000000000,2385,18,27,0,0,13.000000000,17995740.678382587,96231303.302512407,1637.854003906,6.000000000,24.000000000,0.000000000,9.000000000,11000.000000000,52.000000000,5.000000000,1.000000000,4.000000000,15.000000000
RAWX,2025-09-27T14:31:42+00:00,0.000000000,2385,18,27,0,0,14.000000000,22804501.733318709,119838466.052972972,-2411.096679688,2.000000000,8.000000000,0.000000000,0.000000000,11000.000000000,44.000000000,3.000000000,1.000000000,6.000000000,7.000000000
RAWX,2025-09-27T14:31:42+00:00,0.000000000,2385,18,27,0,0,15.000000000,18533325.339092702,97393282.057460889,2507.028564453,2.000000000,18.000000000,0.000000000,0.000000000,11000.000000000,44.000000000,3.000000000,1.000000000,6.000000000,7.000000000
RAWX,2025-09-27T14:31:42+00:00,0.000000000,2385,18,27,0,0,16.000000000,22053676.971181173,115892855.801074952,1494.097534180,2.000000000,26.000000000,0.000000000,0.000000000,11000.000000000,48.000000000,3.000000000,1.000000000,5.000000000,7.000000000
RAWX,2025-09-27T14:31:42+00:00,0.000000000,2385,18,27,0,0,17.000000000,22117228.370253261,118353755.118748337,3914.031494141,6.000000000,17.000000000,0.000000000,11.000000000,8720.000000000,30.000000000,7.000000000,8.000000000,9.000000000,15.000000000
RAWX,2025-09-27T14:31:42+00:00,0.000000000,2385,18,27,0,0,18.000000000,19246027.099210259,103061603.246206686,-2653.783203125,6.000000000,8.000000000,0.000000000,13.000000000,11000.000000000,48.000000000,5.000000000,1.000000000,5.000000000,15.000000000
RAWX,2025-09-27T14:31:42+00:00,0.000000000,2385,18,27,0,0,19.000000000,22804503.105883036,91824283.124513716,-1847.469726562,2.000000000,8.000000000,6.000000000,0.000000000,11000.000000000,41.000000000,3.000000000,2.000000000,6.000000000,7.000000000
RAWX,2025-09-27T14:31:42+00:00,0.000000000,2385,18,27,0,0,20.000000000,22053680.219853308,88801030.709663436,1144.864746094,2.000000000,26.000000000,6.000000000,0.000000000,11000.000000000,49.000000000,3.000000000,1.000000000,4.000000000,7.000000000
RAWX,2025-09-27T14:31:42+00:00,0.000000000,2385,18,27,0,0,21.000000000,18533332.050376642,74626047.591041952,1921.027832031,2.000000000,18.000000000,6.000000000,0.000000000,11000.000000000,46.000000000,3.000000000,1.000000000,5.000000000,7.000000000
RAWX,2025-09-27T14:31:42+00:00,0.000000000,2385,18,27,0,0,22.000000000,21432410.003076270,87762132.948292598,1336.334228516,0.000000000,10.000000000,3.000000000,0.000000000,11000.000000000,45.000000000,3.000000000,1.000000000,6.000000000,7.000000000
RAWX,2025-09-27T14:31:42+00:00,0.000000000,2385,18,27,0,0,23.000000000,19649914.541802991,80463113.664483845,-2366.050292969,0.000000000,15.000000000,3.000000000,0.000000000,11000.000000000,33.000000000,6.000000000,4.000000000,8.000000000,7.000000000
RAWX,2025-09-27T14:31:42+00:00,0.000000000,2385,18,27,0,0,24.000000000,17988699.332297340,73660722.195212230,-279.887695312,0.000000000,18.000000000,3.000000000,0.000000000,11000.000000000,36.000000000,5.000000000,3.000000000,8.000000000,7.000000000
RAWX,2025-09-27T14:31:42+00:00,0.000000000,2385,18,27,0,0,25.000000000,18794968.695759263,76962258.018490225,540.018066406,0.000000000,23.000000000,3.000000000,0.000000000,11000.000000000,49.000000000,3.000000000,1.000000000,5.000000000,7.000000000
RAWX,2025-09-27T14:31:42+00:00,0.000000000,2385,18,27,0,0,26.000000000,22260841.237298761,91154421.304850236,190.310302734,0.000000000,27.000000000,3.000000000,0.000000000,11000.000000000,41.000000000,4.000000000,2.000000000,6.000000000,7.000000000
RAWX,2025-09-27T14:31:47+00:00,0.000000000,2385,18,28,0,0,0.000000000,21430777.494443014,112619487.313054875,1714.489746094,0.000000000,10.000000000,0.000000000,0.000000000,12000.000000000,49.000000000,3.000000000,1.000000000,6.000000000,7.000000000
RAWX,2025-09-27T14:31:47+00:00,0.000000000,2385,18,28,0,0,1.000000000,22576223.261514869,118638868.345400602,-3854.822509766,0.000000000,13.000000000,0.000000000,0.000000000,12000.000000000,29.000000000,6.000000000,5.000000000,7.000000000,7.000000000
RAWX,2025-09-27T14:31:47+00:00,0.000000000,2385,18,28,0,0,2.000000000,19652799.713339478,103276157.581515610,-3038.086914062,0.000000000,15.000000000,0.000000000,0.000000000,12000.000000000,38.000000000,4.000000000,2.000000000,7.000000000,15.000000000
RAWX,2025-09-27T14:31:47+00:00,0.000000000,2385,18,28,0,0,3.000000000,18794311.314367414,98764772.117668122,691.710205078,0.000000000,23.000000000,0.000000000,0.000000000,12000.000000000,50.000000000,3.000000000,1.000000000,6.000000000,7.000000000
RAWX,2025-09-27T14:31:47+00:00,0.000000000,2385,18,28,0,0,4.000000000,22260605.991611421,116980274.659511685,240.685546875,0.000000000,27.000000000,0.000000000,0.000000000,12000.000000000,41.000000000,4.000000000,1.000000000,6.000000000,15.000000000
RAWX,2025-09-27T14:31:47+00:00,0.000000000,2385,18,28,0,0,5.000000000,22195208.987361308,115576284.587195784,1101.552246094,3.000000000,19.000000000,0.000000000,0.000000000,12000.000000000,45.000000000,3.000000000,1.000000000,6.000000000,7.000000000
RAWX,2025-09-27T14:31:47+00:00,0.000000000,2385,18,28,0,0,6.000000000,20282912.722486988,105618449.150703177,-544.852294922,3.000000000,20.000000000,0.000000000,0.000000000,12000.000000000,53.000000000,3.000000000,1.000000000,4.000000000,7.000000000
RAWX,2025-09-27T14:31:47+00:00,0.000000000,2385,18,28,0,0,7.000000000,20093546.985690229,104632368.407942370,-774.452636719,3.000000000,29.000000000,0.000000000,0.000000000,12000.000000000,38.000000000,4.000000000,3.000000000,7.000000000,7.000000000
RAWX,2025-09-27T14:31:47+00:00,0.000000000,2385,18,28,0,0,8.000000000,23433683.165035214,122025340.272414967,2046.234252930,3.000000000,35.000000000,0.000000000,0.000000000,12000.000000000,47.000000000,3.000000000,1.000000000,5.000000000,15.000000000
RAWX,2025-09-27T14:31:47+00:00,0.000000000,2385,18,28,0,0,9.000000000,20135758.893275000,104852180.267177045,278.887939453,3.000000000,9.000000000,0.000000000,0.000000000,0.000000000,25.000000000,9.000000000,15.000000000,11.000000000,1.000000000
RAWX,2025-09-27T14:31:47+00:00,0.000000000,2385,18,28,0,0,10.000000000,20585742.682861619,109849471.674271062,1718.007202148,6.000000000,2.000000000,0.000000000,3.000000000,12000.000000000,38.000000000,6.000000000,2.000000000,7.000000000,15.000000000
RAWX,2025-09-27T14:31:47+00:00,0.000000000,2385,18,28,0,0,11.000000000,21078664.080842137,112519339.860340148,-4693.528808594,6.000000000,22.000000000,0.000000000,4.000000000,0.000000000,26.000000000,9.000000000,15.000000000,10.000000000,1.000000000
RAWX,2025-09-27T14:31:47+00:00,0.000000000,2385,18,28,0,0,12.000000000,22156864.580468692,118316418.731391579,-1335.701904297,6.000000000,9.000000000,0.000000000,5.000000000,12000.000000000,31.000000000,7.000000000,7.000000000,9.000000000,15.000000000
RAWX,2025-09-27T14:31:47+00:00,0.000000000,2385,18,28,0,0,13.000000000,18079831.383832868,96647056.461989731,-240.357421875,6.000000000,1.000000000,0.000000000,8.000000000,12000.000000000,50.000000000,5.000000000,1.000000000,4.000000000,15.000000000
RAWX,2025-09-27T14:31:47+00:00,0.000000000,2385,18,28,0,0,14.000000000,17994211.891260941,96223126.653282553,1633.215576172,6.000000000,24.000000000,0.000000000,9.000000000,12000.000000000,52.000000000,5.000000000,1.000000000,4.000000000,15.000000000
RAWX,2025-09-27T14:31:47+00:00,0.000000000,2385,18,28,0,0,15.000000000,22806795.866189755,119850525.752069384,-2412.469482422,2.000000000,8.000000000,0.000000000,0.000000000,12000.000000000,43.000000000,3.000000000,1.000000000,6.000000000,7.000000000
RAWX,2025-09-27T14:31:47+00:00,0.000000000,2385,18,28,0,0,16.000000000,18530943.215592731,97380763.301980540,2500.800292969,2.000000000,18.000000000,0.000000000,0.000000000,12000.000000000,44.000000000,3.000000000,1.000000000,5.000000000,7.000000000
RAWX,2025-09-27T14:31:47+00:00,0.000000000,2385,18,28,0,0,17.000000000,22052256.129501048,115885391.130898312,1492.059326172,2.000000000,26.000000000,0.000000000,0.000000000,12000.000000000,48.000000000,3.000000000,1.000000000,5.000000000,7.000000000
RAWX,2025-09-27T14:31:47+00:00,0.000000000,2385,18,28,0,0,18.000000000,22113570.901219428,118334189.369935900,3912.584472656,6.000000000,17.000000000,0.000000000,11.000000000,9720.000000000,30.000000000,7.000000000,7.000000000,9.000000000,15.000000000
RAWX,2025-09-27T14:31:47+00:00,0.000000000,2385,18,28,0,0,19.000000000,19248505.519642800,103074874.951675907,-2654.755126953,6.000000000,8.000000000,0.000000000,13.000000000,12000.000000000,48.000000000,5.000000000,1.000000000,5.000000000,15.000000000
RAWX,2025-09-27T14:31:47+00:00,0.000000000,2385,18,28,0,0,20.000000000,22806798.432279173,91833523.669169039,-1848.662109375,2.000000000,8.000000000,6.000000000,0.000000000,12000.000000000,41.000000000,3.000000000,2.000000000,6.000000000,7.000000000
RAWX,2025-09-27T14:31:47+00:00,0.000000000,2385,18,28,0,0,21.000000000,22052259.754679080,88795311.018955573,1143.364013672,2.000000000,26.000000000,6.000000000,0.000000000,12000.000000000,49.000000000,3.000000000,1.000000000,4.000000000,7.000000000
RAWX,2025-09-27T14:31:47+00:00,0.000000000,2385,18,28,0,0,22.000000000,18530949.738135118,74616455.319481015,1916.025146484,2.000000000,18.000000000,6.000000000,0.000000000,12000.000000000,45.000000000,3.000000000,1.000000000,5.000000000,7.000000000
RAWX,2025-09-27T14:31:47+00:00,0.000000000,2385,18,28,0,0,23.000000000,21430778.591991909,87755453.007062241,1336.029052734,0.000000000,10.000000000,3.000000000,0.000000000,12000.000000000,45.000000000,4.000000000,1.000000000,6.000000000,7.000000000
RAWX,2025-09-27T14:31:47+00:00,0.000000000,2385,18,28,0,0,24.000000000,19652804.399630353,80474948.216079429,-2367.329589844,0.000000000,15.000000000,3.000000000,0.000000000,12000.000000000,33.000000000,6.000000000,4.000000000,8.000000000,7.000000000
RAWX,2025-09-27T14:31:47+00:00,0.000000000,2385,18,28,0,0,25.000000000,17989043.323483780,73662130.419145197,-283.058868408,0.000000000,18.000000000,3.000000000,0.000000000,12000.000000000,34.000000000,5.000000000,4.000000000,8.000000000,7.000000000
RAWX,2025-09-27T14:31:47+00:00,0.000000000,2385,18,28,0,0,26.000000000,18794310.087826509,76959561.423076645,538.985900879,0.000000000,23.000000000,3.000000000,0.000000000,12000.000000000,49.000000000,3.000000000,1.000000000,4.000000000,7.000000000
RAWX,2025-09-27T14:31:47+00:00,0.000000000,2385,18,28,0,0,27.000000000,22260610.888910327,91153478.174303845,187.509277344,0.000000000,27.000000000,3.000000000,0.000000000,12000.000000000,41.000000000,4.000000000,2.000000000,7.000000000,7.000000000
RAWX,2025-09-27T21:44:17+00:00,0.000000000,2385,18,30,0,0,0.000000000,27238431.992963854,143138917.814545274,-3024.114990234,2.000000000,27.000000000,0.000000000,0.000000000,64500.000000000,36.000000000,5.000000000,3.000000000,7.000000000,7.000000000
RAWX,2025-09-27T21:44:17+00:00,0.000000000,2385,18,30,0,0,1.000000000,21352686.112077862,112209060.071877480,-1966.766723633,0.000000000,31.000000000,0.000000000,0.000000000,12000.000000000,36.000000000,5.000000000,3.000000000,8.000000000,15.000000000
RAWX,2025-09-27T21:44:17+00:00,0.000000000,2385,18,30,0,0,2.000000000,20439456.580315121,107410034.710376829,-2595.996826172,0.000000000,26.000000000,0.000000000,0.000000000,64500.000000000,41.000000000,4.000000000,2.000000000,6.000000000,15.000000000
RAWX,2025-09-27T21:44:17+00:00,0.000000000,2385,18,30,0,0,3.000000000,23303682.510721479,122461527.029304758,-1523.057373047,2.000000000,21.000000000,0.000000000,0.000000000,64500.000000000,34.000000000,6.000000000,4.000000000,8.000000000,7.000000000
RAWX,2025-09-27T21:44:17+00:00,0.000000000,2385,18,30,0,0,4.000000000,24737546.237494040,128814894.711879209,1613.767333984,3.000000000,29.000000000,0.000000000,0.000000000,0.000000000,16.000000000,10.000000000,15.000000000,12.000000000,1.000000000
RAWX,2025-09-27T21:44:17+00:00,0.000000000,2385,18,30,0,0,5.000000000,21572655.831972063,112334376.869386271,-1083.421386719,3.000000000,45.000000000,0.000000000,0.000000000,64500.000000000,50.000000000,3.000000000,1.000000000,4.000000000,15.000000000
RAWX,2025-09-27T21:44:17+00:00,0.000000000,2385,18,30,0,0,6.000000000,23420517.902217586,121956851.356545329,1233.866943359,3.000000000,26.000000000,0.000000000,0.000000000,64500.000000000,44.000000000,3.000000000,1.000000000,6.000000000,7.000000000
RAWX,2025-09-27T21:44:17+00:00,0.000000000,2385,18,30,0,0,7.000000000,20686487.261176977,110581261.638780147,3136.017089844,6.000000000,5.000000000,0.000000000,8.000000000,64500.000000000,49.000000000,5.000000000,1.000000000,5.000000000,7.000000000
RAWX,2025-09-27T21:44:17+00:00,0.000000000,2385,18,30,0,0,8.000000000,18429046.407147918,98686697.120222449,-332.913818359,6.000000000,4.000000000,0.000000000,13.000000000,9000.000000000,31.000000000,7.000000000,6.000000000,8.000000000,7.000000000
RAWX,2025-09-27T21:44:17+00:00,0.000000000,2385,18,30,0,0,9.000000000,19715997.954137143,105356304.709297776,493.729980469,6.000000000,15.000000000,0.000000000,7.000000000,64500.000000000,49.000000000,5.000000000,1.000000000,5.000000000,15.000000000
RAWX,2025-09-27T21:44:17+00:00,0.000000000,2385,18,30,0,0,10.000000000,23347669.130648490,122692838.161130190,1088.882324219,2.000000000,23.000000000,0.000000000,0.000000000,64500.000000000,28.000000000,7.000000000,7.000000000,8.000000000,7.000000000
RAWX,2025-09-27T21:44:17+00:00,0.000000000,2385,18,30,0,0,11.000000000,21977234.800448693,115491028.520801067,2948.450195312,0.000000000,27.000000000,0.000000000,0.000000000,6000.000000000,26.000000000,6.000000000,8.000000000,8.000000000,15.000000000
RAWX,2025-09-27T21:44:17+00:00,0.000000000,2385,18,30,0,0,12.000000000,23619513.201464541,124121343.297093377,3133.376464844,0.000000000,9.000000000,0.000000000,0.000000000,64500.000000000,45.000000000,3.000000000,1.000000000,6.000000000,7.000000000
RAWX,2025-09-27T21:44:17+00:00,0.000000000,2385,18,30,0,0,13.000000000,21778579.547173150,113406905.497970253,149.369628906,3.000000000,21.000000000,0.000000000,0.000000000,64500.000000000,47.000000000,3.000000000,1.000000000,5.000000000,15.000000000
RAWX,2025-09-27T21:44:17+00:00,0.000000000,2385,18,30,0,0,14.000000000,22836482.379380029,118915718.078331858,1449.370239258,3.000000000,50.000000000,0.000000000,0.000000000,64500.000000000,47.000000000,3.000000000,1.000000000,5.000000000,7.000000000
RAWX,2025-09-27T21:44:17+00:00,0.000000000,2385,18,30,0,0,15.000000000,24947342.225952037,129907818.199846461,2423.114746094,3.000000000,42.000000000,0.000000000,0.000000000,64500.000000000,43.000000000,3.000000000,2.000000000,6.000000000,7.000000000
RAWX,2025-09-27T21:44:17+00:00,0.000000000,2385,18,30,0,0,16.000000000,19758198.017561127,105322215.962895960,-2417.909423828,6.000000000,14.000000000,0.000000000,0.000000000,64500.000000000,52.000000000,5.000000000,1.000000000,4.000000000,15.000000000
RAWX,2025-09-27T21:44:17+00:00,0.000000000,2385,18,30,0,0,17.000000000,20409649.131392244,109254416.229574561,-3849.265136719,6.000000000,3.000000000,0.000000000,12.000000000,4900.000000000,35.000000000,6.000000000,4.000000000,8.000000000,7.000000000
RAWX,2025-09-27T21:44:17+00:00,0.000000000,2385,18,30,0,0,18.000000000,25358339.779446647,133259091.600386038,1993.100830078,2.000000000,4.000000000,0.000000000,0.000000000,64500.000000000,48.000000000,3.000000000,1.000000000,5.000000000,7.000000000
RAWX,2025-09-27T21:44:17+00:00,0.000000000,2385,18,30,0,0,19.000000000,20714301.140965775,108854595.985022232,2032.519531250,0.000000000,4.000000000,0.000000000,0.000000000,64500.000000000,48.000000000,3.000000000,1.000000000,5.000000000,15.000000000
RAWX,2025-09-27T21:44:17+00:00,0.000000000,2385,18,30,0,0,20.000000000,23347678.698602878,94011445.394371271,834.661132812,2.000000000,23.000000000,6.000000000,0.000000000,64500.000000000,30.000000000,6.000000000,7.000000000,9.000000000,7.000000000
RAWX,2025-09-27T21:44:17+00:00,0.000000000,2385,18,30,0,0,21.000000000,23303681.184993535,93834276.628143191,-1166.557250977,2.000000000,21.000000000,6.000000000,0.000000000,64500.000000000,30.000000000,6.000000000,8.000000000,9.000000000,7.000000000
RAWX,2025-09-27T21:44:17+00:00,0.000000000,2385,18,30,0,0,22.000000000,27622955.819729581,111226200.689737201,1722.485473633,2.000000000,6.000000000,6.000000000,0.000000000,13000.000000000,30.000000000,6.000000000,8.000000000,9.000000000,7.000000000
RAWX,2025-09-27T21:44:17+00:00,0.000000000,2385,18,30,0,0,23.000000000,27238443.042790730,109677954.902531475,-2317.588867188,2.000000000,27.000000000,6.000000000,0.000000000,12680.000000000,32.000000000,6.000000000,7.000000000,9.000000000,7.000000000
RAWX,2025-09-27T21:44:17+00:00,0.000000000,2385,18,30,0,0,24.000000000,25358346.337378077,102107693.106724054,1527.285766602,2.000000000,4.000000000,6.000000000,0.000000000,64500.000000000,45.000000000,3.000000000,1.000000000,5.000000000,7.000000000
RAWX,2025-09-27T21:44:17+00:00,0.000000000,2385,18,30,0,0,25.000000000,20439461.603255596,83696169.350025997,-2022.944824219,0.000000000,26.000000000,3.000000000,0.000000000,64500.000000000,32.000000000,6.000000000,6.000000000,8.000000000,7.000000000
RAWX,2025-09-27T21:44:17+00:00,0.000000000,2385,18,30,0,0,26.000000000,20714303.512310766,84821834.098161384,1583.847656250,0.000000000,4.000000000,3.000000000,0.000000000,64500.000000000,43.000000000,3.000000000,1.000000000,6.000000000,7.000000000
RAWX,2025-09-27T21:44:17+00:00,0.000000000,2385,18,30,0,0,27.000000000,21977231.544656869,89993089.213220268,2301.919433594,0.000000000,27.000000000,3.000000000,0.000000000,0.000000000,21.000000000,9.000000000,15.000000000,12.000000000,1.000000000
RAWX,2025-09-27T21:44:17+00:00,0.000000000,2385,18,30,0,0,28.000000000,23619522.135627020,96718005.577582270,2441.712402344,0.000000000,9.000000000,3.000000000,0.000000000,64500.000000000,37.000000000,5.000000000,3.000000000,7.000000000,7.000000000
RAWX,2025-09-27T21:44:17+00:00,0.000000000,2385,18,30,0,0,29.000000000,21240919.630095605,86978014.184950918,-1594.751708984,0.000000000,3.000000000,3.000000000,0.000000000,0.000000000,20.000000000,9.000000000,15.000000000,12.000000000,1.000000000
